date,year,month,day,year_month,iso_year,iso_week,week_id,doy,n_records,pct_day_records,is_valid_day,is_valid_day_by_coverage,is_valid_day_by_et,is_valid_day_by_temp,is_valid_day_by_rh,is_valid_day_by_rad,is_valid_day_analysis,et_base_out_mm_d,et_out_daily,et_out_daily_last,et_out_daily_max,et_out_last_minus_max,temp_out_mean,temp_out_min,temp_out_max,temp_range_out_c,rh_out_mean,rh_out_min,rh_out_max,rh_range_out_pct,rad_out_mean,rad_out_max,rad_acc_out_daily_max,par_out_mean,dli_out_max,vpd_out_mean,vpd_out_max,vpd_rad_product,dewpoint_out_mean,et_rad_ratio,flag_et_jump_high,flag_et_zero,flag_vpd_high_z,flag_temp_high_z
2025-01-11,2025,1,11,2025-01,2025,2,2025-W02,11,285,98.95833333333334,True,True,True,True,True,True,True,1.96,1.96,1.95,1.96,-0.01,14.90280701754386,8.0,21.3,13.3,69.89473684210526,50,94,44,118.82736842105264,846.05,1015.97,315.6155087719298,26.99,0.582140350877193,1.2,69.17420594644506,9.12680701754386,0.01649451659196003,False,False,False,False
2025-01-12,2025,1,12,2025-01,2025,2,2025-W02,12,285,98.95833333333334,True,True,True,True,True,True,True,2.26,2.26,2.22,2.26,-0.0399999999999995,15.807017543859647,11.7,22.4,10.7,72.53684210526316,50,88,38,128.4434385964912,803.24,1098.19,341.0946666666666,29.16,0.5338245614035088,1.31,68.56626227393042,10.706105263157896,0.017595293498018652,False,False,False,False
2025-02-10,2025,2,10,2025-02,2025,7,2025-W07,41,39,13.541666666666666,False,False,True,True,True,True,False,2.16,2.16,2.11,2.16,-0.0500000000000002,13.366666666666664,12.4,14.0,1.5999999999999996,77.05128205128206,72,83,11,0.0,0.0,1136.3,0.0,30.08,0.3525641025641026,0.44,0.0,9.412307692307692,,False,False,False,False
2025-02-11,2025,2,11,2025-02,2025,7,2025-W07,42,286,99.30555555555556,True,True,True,True,True,True,True,2.19,2.19,2.12,2.19,-0.0699999999999998,15.624125874125872,11.2,22.2,11.0,67.64335664335664,48,84,36,120.66003496503497,1014.66,1035.26,313.62905594405595,26.91,0.6160489510489511,1.29,74.33248797373955,9.472727272727273,0.01815016878318178,False,False,False,False
2025-02-12,2025,2,12,2025-02,2025,7,2025-W07,43,233,80.90277777777779,True,True,True,True,True,True,True,1.83,1.83,1.77,1.83,-0.06,15.206437768240344,11.8,21.5,9.7,75.05150214592274,54,91,37,107.47738197424891,845.11,751.27,284.1731330472103,19.86,0.4763519313304721,1.15,51.19705847777634,10.606351931330472,0.0170268382648031,False,False,False,False
2025-03-10,2025,3,10,2025-03,2025,11,2025-W11,69,282,97.91666666666666,True,True,True,True,True,True,True,1.89,1.89,1.84,1.89,-0.0499999999999998,14.76241134751773,10.8,20.9,10.099999999999998,70.60283687943263,52,90,38,106.75574468085108,913.72,903.15,283.5704964539007,23.99,0.5321631205673759,1.16,56.81147022785575,9.247127659574469,0.01770396530556928,False,False,False,False
2025-03-11,2025,3,11,2025-03,2025,11,2025-W11,70,283,98.26388888888889,True,True,True,True,True,True,True,1.81,1.81,1.75,1.81,-0.06,15.268197879858656,11.0,22.6,11.600000000000001,75.96466431095406,49,92,43,98.14197879858658,869.46,833.23,259.2267137809187,22.01,0.4629328621908127,1.4,45.433147146299746,10.811342756183748,0.018442668694449306,False,False,False,False
2025-03-12,2025,3,12,2025-03,2025,11,2025-W11,71,285,98.95833333333334,True,True,True,True,True,True,True,2.43,2.43,2.35,2.43,-0.08,15.76736842105263,11.7,23.1,11.400000000000002,72.71578947368421,50,91,41,143.16515789473684,827.92,1224.06,377.3315789473684,32.26,0.5365263157894736,1.34,76.81187471468142,10.671754385964912,0.0169734035552608,False,False,False,False
2025-04-10,2025,4,10,2025-04,2025,15,2025-W15,100,282,97.91666666666666,True,True,True,True,True,True,True,2.21,2.21,2.19,2.21,-0.02,15.15,9.2,22.0,12.8,67.8936170212766,45,90,45,141.97556737588653,865.79,1201.11,374.1735815602837,31.66,0.6239007092198582,1.4,88.57865717770737,8.902836879432623,0.015566058589143922,False,False,False,False
2025-04-11,2025,4,11,2025-04,2025,15,2025-W15,101,283,98.26388888888889,True,True,True,True,True,True,True,2.1,2.1,2.01,2.1,-0.0900000000000003,15.00106007067138,9.3,22.3,13.0,75.39929328621908,45,91,46,127.4813074204947,837.73,1082.32,336.4620141342756,28.57,0.4724734982332155,1.46,60.23153927630511,10.451766784452296,0.01647300331705251,False,False,False,False
2025-04-12,2025,4,12,2025-04,2025,15,2025-W15,102,284,98.61111111111111,True,True,True,True,True,True,True,2.06,2.06,1.99,2.06,-0.07,15.026760563380282,10.8,22.5,11.7,75.0669014084507,53,91,38,121.94017605633805,914.2,1038.93,316.8789788732395,27.0,0.4690140845070422,1.24,57.19166003769094,10.455176056338027,0.01689352981619652,False,False,False,False
2025-05-10,2025,5,10,2025-05,2025,19,2025-W19,130,286,99.30555555555556,True,True,True,True,True,True,True,2.0,2.0,1.9,2.0,-0.1,15.004895104895104,9.8,20.8,11.0,67.56293706293707,52,86,34,114.26916083916085,942.46,980.43,300.91202797202794,25.82,0.5896853146853147,1.18,67.3828460682674,8.871083916083917,0.0175025351136961,False,False,False,False
2025-05-11,2025,5,11,2025-05,2025,19,2025-W19,131,277,96.18055555555556,True,True,True,True,True,True,True,1.84,1.84,1.79,1.84,-0.05,14.552707581227436,9.2,21.2,12.0,75.50180505415162,46,93,47,114.11898916967507,592.19,948.33,304.7988086642599,25.33,0.4726353790613718,1.33,53.936671704309965,9.92072202166065,0.016123521715253195,False,False,False,False
2025-05-12,2025,5,12,2025-05,2025,20,2025-W20,132,285,98.95833333333334,True,True,True,True,True,True,True,1.36,1.36,1.26,1.36,-0.1,13.836491228070177,10.3,20.4,10.099999999999998,83.34035087719299,55,94,39,61.99582456140352,667.75,530.06,165.5835789473684,14.16,0.2917894736842105,1.08,18.089729019390585,10.916385964912282,0.02193696123281647,False,False,False,False
2025-06-10,2025,6,10,2025-06,2025,24,2025-W24,161,285,98.95833333333334,True,True,True,True,True,True,True,1.74,1.74,1.71,1.74,-0.03,14.196140350877194,8.2,21.2,13.0,74.43508771929825,50,94,44,100.99161403508772,888.02,863.48,268.432701754386,22.95,0.4776842105263157,1.26,48.242099420129264,9.402666666666669,0.01722915329777251,False,False,False,False
2025-06-11,2025,6,11,2025-06,2025,24,2025-W24,162,280,97.2222222222222,True,True,True,True,True,True,True,1.42,1.42,1.41,1.42,-0.01,13.890357142857145,10.3,20.3,10.0,78.06071428571428,54,92,38,80.31049999999999,509.96,674.61,214.50021428571424,18.02,0.3915357142857142,1.09,31.444428982142846,9.897928571428572,0.01768137416651621,False,False,False,False
2025-06-12,2025,6,12,2025-06,2025,24,2025-W24,163,285,98.95833333333334,True,True,True,True,True,True,True,1.73,1.73,1.69,1.73,-0.04,14.02842105263158,9.3,21.1,11.8,79.48771929824561,51,95,44,101.63733333333332,629.69,869.0,271.4617543859649,23.21,0.3828421052631579,1.19,38.91105066666666,10.27557894736842,0.017021304507530043,False,False,False,False
2025-07-10,2025,7,10,2025-07,2025,28,2025-W28,191,284,98.61111111111111,True,True,True,True,True,True,True,1.91,1.91,1.84,1.91,-0.0699999999999998,14.427464788732394,9.1,20.7,11.6,75.48239436619718,52,92,40,114.56792253521128,1035.44,976.12,298.9986971830986,25.47,0.4558450704225352,1.13,52.225222716226945,9.899471830985917,0.016671333107336227,False,False,False,False
2025-07-11,2025,7,11,2025-07,2025,28,2025-W28,192,285,98.95833333333334,True,True,True,True,True,True,True,2.31,2.31,2.23,2.31,-0.08,14.623508771929824,9.0,23.9,14.899999999999999,77.59298245614035,43,95,52,146.8943859649123,933.05,1255.95,368.0195087719298,31.47,0.4629824561403508,1.65,68.00952360726376,10.317614035087718,0.01572558396174361,False,False,False,False
2025-07-12,2025,7,12,2025-07,2025,28,2025-W28,193,285,98.95833333333334,True,True,True,True,True,True,True,2.27,2.27,2.19,2.27,-0.08,15.032280701754384,10.0,22.7,12.7,73.40350877192982,47,91,44,137.00470175438596,776.76,1171.39,364.77101754385967,31.19,0.508421052631579,1.43,69.65607468144044,10.0779649122807,0.016568774435708956,False,False,False,False
2025-07-30,2025,7,30,2025-07,2025,31,2025-W31,211,44,15.27777777777778,False,False,True,True,True,True,False,2.42,2.42,1.98,2.42,-0.4399999999999999,17.452272727272728,13.0,20.6,7.600000000000001,54.11363636363637,45,69,24,353.03818181818184,1432.37,466.01,793.4502272727273,10.47,0.9288636363636364,1.33,327.92432933884305,7.999318181818182,0.006854782640044084,False,False,True,True
2025-07-31,2025,7,31,2025-07,2025,31,2025-W31,212,82,28.47222222222222,False,False,True,True,True,True,False,0.0,0.0,0.0,0.0,0.0,15.168292682926827,12.3,22.9,10.599999999999998,73.01219512195122,51,85,34,5.125121951219512,47.08,12.61,13.68878048780488,0.34,0.498170731707317,1.37,2.5531857525282566,10.205731707317073,0.0,False,True,False,False
2025-08-01,2025,8,1,2025-08,2025,31,2025-W31,213,239,82.98611111111111,True,True,True,True,True,True,True,0.92,0.92,0.92,0.92,0.0,17.22845188284519,10.7,28.2,17.5,69.31380753138075,38,94,56,36.50255230125524,208.37,261.72,97.49410041841004,6.99,0.7417573221757322,2.33,27.0760354475587,10.983514644351464,0.025203717055378706,False,False,False,False
2025-08-04,2025,8,4,2025-08,2025,32,2025-W32,216,181,62.84722222222222,False,False,True,True,True,True,False,0.0,0.0,0.0,0.0,0.0,17.024309392265195,7.8,27.8,20.0,60.29834254143646,36,86,50,41.5414364640884,315.02,225.57,110.95243093922652,6.02,0.913756906077348,2.39,37.958774457434146,8.762044198895028,0.0,False,True,True,False
2025-08-05,2025,8,5,2025-08,2025,32,2025-W32,217,277,96.18055555555556,True,True,True,True,True,True,True,0.0,0.0,0.0,0.0,0.0,14.444404332129965,5.3,27.6,22.3,64.79783393501805,30,92,62,26.791949458483757,328.9,222.64,71.5581227436823,5.95,0.798014440433213,2.58,21.38036255522684,6.81826714801444,0.0,False,True,False,False
2025-08-06,2025,8,6,2025-08,2025,32,2025-W32,218,277,96.18055555555556,True,True,True,True,True,True,True,2.1,2.1,2.06,2.1,-0.04,14.813718411552346,8.4,22.2,13.799999999999999,70.08664259927798,43,91,48,134.92880866425992,1068.91,1121.26,323.95927797833934,26.92,0.5769675090252707,1.53,77.84953863076541,9.022202166064982,0.015563763000571502,False,False,False,False
2025-08-07,2025,8,7,2025-08,2025,32,2025-W32,219,237,82.29166666666666,True,True,True,True,True,True,True,1.2,1.2,1.14,1.2,-0.06,13.40928270042194,11.4,16.5,5.1,83.12658227848101,69,93,24,59.8901687763713,330.72,425.82,159.95962025316456,11.37,0.2687763713080169,0.58,16.09706224073777,10.547088607594937,0.02003667754687378,False,False,False,False
2025-08-08,2025,8,8,2025-08,2025,32,2025-W32,220,270,93.75,True,True,True,True,True,True,True,1.53,1.53,1.51,1.53,-0.02,13.687407407407408,11.3,19.2,7.899999999999999,83.99259259259259,65,94,29,93.57062962962962,923.36,757.92,244.4849259259259,19.8,0.2701111111111111,0.78,25.27446673662551,10.930296296296296,0.016351284650493767,False,False,False,False
2025-08-09,2025,8,9,2025-08,2025,32,2025-W32,221,280,97.2222222222222,True,True,True,True,True,True,True,1.67,1.67,1.65,1.67,-0.02,13.94,11.3,20.2,8.899999999999999,79.3,51,93,42,99.34532142857142,780.76,834.5,265.0353928571429,22.26,0.3659285714285714,1.11,36.35329154846938,10.19675,0.016810051807026646,False,False,False,False
2025-08-10,2025,8,10,2025-08,2025,32,2025-W32,222,424,147.22222222222223,True,True,True,True,True,True,True,2.4,2.4,2.37,2.4,-0.0299999999999998,14.818396226415096,10.3,21.6,11.3,70.90094339622641,45,92,47,138.64075471698112,1196.03,1297.96,353.9808254716981,32.48,0.545,1.42,75.55921132075471,9.281014150943395,0.017310927114464424,False,False,False,False
2025-08-11,2025,8,11,2025-08,2025,33,2025-W33,223,397,137.84722222222223,True,True,True,True,True,True,True,2.1,2.1,1.7,2.1,-0.4000000000000001,15.19874055415617,8.9,23.1,14.200000000000001,72.01259445843829,44,95,51,137.8449370277078,1086.28,1106.23,348.25488664987404,28.86,0.548463476070529,1.58,75.6029133209398,9.851259445843828,0.015234509480590392,False,False,False,False
2025-08-12,2025,8,12,2025-08,2025,33,2025-W33,224,421,146.18055555555557,True,True,True,True,True,True,True,2.29,2.29,2.24,2.29,-0.0499999999999998,15.244655581947743,8.9,22.7,13.799999999999999,69.67220902612827,45,93,48,163.96731591448932,1088.8,1125.7,430.22548693586697,30.03,0.5824703087885986,1.49,95.5060931319503,9.442755344418051,0.013966198002498615,False,False,False,False
2025-08-13,2025,8,13,2025-08,2025,33,2025-W33,225,279,96.875,True,True,True,True,True,True,True,1.63,1.63,1.56,1.63,-0.0699999999999998,13.49032258064516,9.5,18.6,9.100000000000001,70.26523297491039,52,83,31,86.13397849462366,785.42,720.94,229.7035483870968,19.23,0.4825448028673835,1.03,41.563503672871626,8.061648745519713,0.018924006861029203,False,False,False,False
2025-08-14,2025,8,14,2025-08,2025,33,2025-W33,226,276,95.83333333333334,True,True,True,True,True,True,True,2.26,2.26,2.2,2.26,-0.0599999999999996,15.592028985507245,11.7,22.4,10.7,64.01811594202898,45,81,36,132.16105072463768,1056.9,1094.29,349.9595652173913,28.98,0.6708695652173913,1.49,88.66282663831127,8.65336956521739,0.017100348306921313,False,False,False,False
2025-08-15,2025,8,15,2025-08,2025,33,2025-W33,227,275,95.48611111111111,True,True,True,True,True,True,True,2.59,2.59,2.51,2.59,-0.08,15.078181818181818,11.4,20.8,9.4,69.70545454545454,50,86,36,170.5926909090909,1023.28,1407.39,439.1843636363636,36.23,0.5524727272727273,1.18,94.24780919933885,9.411490909090908,0.01518236207071858,False,False,False,False
2025-08-16,2025,8,16,2025-08,2025,33,2025-W33,228,280,97.2222222222222,True,True,True,True,True,True,True,1.78,1.78,1.68,1.78,-0.1,14.114642857142856,10.9,19.7,8.799999999999999,71.51071428571429,52,86,34,87.96242857142857,838.09,738.88,234.08617857142855,19.66,0.4788571428571429,1.08,42.1214372244898,8.938678571428571,0.020235912410655848,False,False,False,False
2025-08-17,2025,8,17,2025-08,2025,33,2025-W33,229,279,96.875,True,True,True,True,True,True,True,1.77,1.77,1.74,1.77,-0.03,15.012544802867383,10.1,20.5,10.4,71.91039426523298,54,92,38,101.97820788530466,1023.17,853.56,269.14247311827955,22.53,0.5096415770609319,1.05,51.97233469251423,9.82763440860215,0.01735664939308138,False,False,False,False
2025-08-18,2025,8,18,2025-08,2025,34,2025-W34,230,244,84.72222222222221,True,True,True,True,True,True,True,2.3,2.3,2.25,2.3,-0.0499999999999998,15.559016393442624,11.1,21.1,10.000000000000002,67.6188524590164,48,90,42,165.737131147541,1046.12,1213.2,418.5645081967213,30.64,0.6268032786885246,1.27,103.88457720370869,9.28983606557377,0.013877397201671814,False,False,False,False
2025-08-19,2025,8,19,2025-08,2025,34,2025-W34,231,276,95.83333333333334,True,True,True,True,True,True,True,2.01,2.01,1.95,2.01,-0.0599999999999998,15.260144927536231,10.9,22.1,11.200000000000001,69.64492753623189,48,87,39,119.6173188405797,1147.9,990.43,305.2146739130435,25.27,0.5786594202898551,1.36,69.21768837691661,9.478478260869563,0.016803586800660804,False,False,False,False
2025-08-20,2025,8,20,2025-08,2025,34,2025-W34,232,265,92.01388888888889,True,True,True,True,True,True,True,2.42,2.42,2.41,2.42,-0.0099999999999997,15.269056603773585,8.2,23.3,15.100000000000001,68.64528301886793,46,94,48,171.21939622641509,1018.26,1361.19,427.7580377358491,34.01,0.6358867924528302,1.49,108.8761526721253,9.103509433962264,0.014133912706945122,False,False,False,False
2025-08-21,2025,8,21,2025-08,2025,34,2025-W34,233,263,91.31944444444444,True,True,True,True,True,True,True,1.95,1.95,1.9,1.95,-0.05,15.49125475285171,9.5,21.2,11.7,64.95057034220532,48,83,35,116.18859315589351,970.89,916.73,308.0713307984791,24.31,0.6613307984790875,1.21,76.8390950859489,8.731254752851711,0.016783058878969557,False,False,False,False
2025-08-22,2025,8,22,2025-08,2025,34,2025-W34,234,275,95.48611111111111,True,True,True,True,True,True,True,2.4,2.4,2.3,2.4,-0.1,14.942545454545456,9.7,22.8,13.100000000000001,71.84363636363636,45,88,43,155.8804,1057.84,1286.01,401.4402181818182,33.12,0.5387636363636363,1.47,83.98269114181818,9.588618181818182,0.01539641930608338,False,False,False,False
2025-08-23,2025,8,23,2025-08,2025,34,2025-W34,235,282,97.91666666666666,True,True,True,True,True,True,True,2.06,2.06,2.0,2.06,-0.06,15.49255319148936,11.5,21.1,9.600000000000001,67.44326241134752,49,89,40,118.39578014184396,971.69,1001.63,312.1108865248227,26.4,0.6147517730496455,1.25,72.78401576379457,9.237624113475178,0.017399268770660736,False,False,False,False
2025-08-24,2025,8,24,2025-08,2025,34,2025-W34,236,276,95.83333333333334,True,True,True,True,True,True,True,2.6,2.6,2.55,2.6,-0.0500000000000002,15.080072463768117,8.5,21.2,12.7,65.28985507246377,45,90,45,181.1159420289855,1132.75,1499.64,467.4469565217392,38.7,0.6671739130434783,1.38,120.83583175803403,8.253804347826087,0.014355445306873651,False,False,False,False
2025-08-25,2025,8,25,2025-08,2025,35,2025-W35,237,277,96.18055555555556,True,True,True,True,True,True,True,1.96,1.96,1.92,1.96,-0.04,14.408664259927797,10.5,18.3,7.800000000000001,69.13357400722022,55,85,30,118.86010830324908,1050.62,987.73,310.873357400722,25.83,0.5303610108303249,0.93,63.03876718711308,8.684657039711192,0.01648997319604851,False,False,False,False
2025-08-26,2025,8,26,2025-08,2025,35,2025-W35,238,277,96.18055555555556,True,True,True,True,True,True,True,1.79,1.79,1.74,1.79,-0.05,14.300361010830324,10.7,19.8,9.100000000000001,69.42238267148015,56,81,25,96.83696750902529,711.03,804.72,258.64050541516247,21.49,0.5157400722021661,1.01,49.942704614943516,8.7014440433213,0.018484676317782986,False,False,False,False
2025-08-27,2025,8,27,2025-08,2025,35,2025-W35,239,280,97.2222222222222,True,True,True,True,True,True,True,2.09,2.09,2.07,2.09,-0.02,14.30107142857143,11.8,19.6,7.800000000000001,71.21428571428571,52,84,32,128.55985714285714,1120.38,1079.9,325.5823571428571,27.35,0.4870714285714285,1.07,62.61783327551019,9.070964285714286,0.016257018687237407,False,False,False,False
2025-08-28,2025,8,28,2025-08,2025,35,2025-W35,240,274,95.13888888888889,True,True,True,True,True,True,True,2.08,2.08,2.0,2.08,-0.08,14.402189781021898,10.9,17.5,6.6,66.2992700729927,56,77,21,114.59883211678832,1045.49,942.0,298.7991605839416,24.56,0.5611678832116788,0.86,64.30918403750864,8.154890510948904,0.01815027222860579,False,False,False,False
2025-08-29,2025,8,29,2025-08,2025,35,2025-W35,241,259,89.93055555555556,True,True,True,True,True,True,True,2.04,2.04,1.99,2.04,-0.05,14.614285714285714,9.7,21.1,11.400000000000002,64.23552123552123,45,85,40,129.133166023166,972.42,1003.36,338.6581853281853,26.31,0.6387258687258688,1.27,82.48069364946855,7.71069498069498,0.015797645661642275,False,False,False,False
2025-08-30,2025,8,30,2025-08,2025,35,2025-W35,242,261,90.625,True,True,True,True,True,True,True,2.9,2.9,2.82,2.9,-0.08,15.763601532567051,8.7,21.9,13.2,67.46743295019157,41,92,51,223.04402298850573,1161.65,1746.43,548.6629885057472,42.96,0.6654022988505747,1.5,148.41400564143214,9.25697318007663,0.013001917563823028,True,False,False,False
2025-08-31,2025,8,31,2025-08,2025,35,2025-W35,243,277,96.18055555555556,True,True,True,True,True,True,True,2.36,2.36,2.32,2.36,-0.04,15.444765342960288,10.5,20.5,10.0,70.17328519855596,53,91,38,158.3767870036101,1201.32,1316.11,402.9632490974729,33.49,0.568014440433213,1.11,89.96030204746576,9.806317689530683,0.014901173616725822,False,False,False,False
2025-09-01,2025,9,1,2025-09,2025,36,2025-W36,244,279,96.875,True,True,True,True,True,True,True,1.65,1.65,1.62,1.65,-0.0299999999999998,14.244086021505376,9.2,19.3,10.100000000000001,71.49820788530467,53,87,34,94.46534050179211,810.58,790.67,251.71498207885304,21.07,0.4926523297491039,1.05,46.53857007875027,9.020967741935484,0.01746672368125003,False,False,False,False
2025-09-02,2025,9,2,2025-09,2025,36,2025-W36,245,281,97.56944444444444,True,True,True,True,True,True,True,2.36,2.36,2.31,2.36,-0.0499999999999998,14.927402135231318,10.8,20.5,9.7,69.65124555160142,53,90,37,158.39099644128115,1107.68,1335.24,399.3057651245552,33.66,0.5555160142348754,1.1,87.98873503375084,9.226405693950175,0.014899836815376695,False,False,False,False
2025-09-03,2025,9,3,2025-09,2025,36,2025-W36,246,278,96.5277777777778,True,True,True,True,True,True,True,2.24,2.24,2.22,2.24,-0.02,14.800359712230216,8.8,21.5,12.7,69.39568345323741,50,87,37,151.38255395683453,1465.32,1262.53,378.57122302158274,31.57,0.5707553956834532,1.27,86.4024094832048,9.00654676258993,0.014796949459834834,False,False,False,False
2025-09-04,2025,9,4,2025-09,2025,36,2025-W36,247,274,95.13888888888889,True,True,True,True,True,True,True,2.14,2.14,2.09,2.14,-0.0500000000000002,14.447080291970805,10.3,19.4,9.099999999999998,70.98540145985402,52,90,38,145.50087591240876,1162.59,1196.02,371.8627737226277,30.57,0.5104014598540145,1.07,74.26385947573125,9.066751824817516,0.014707815238777504,False,False,False,False
2025-09-05,2025,9,5,2025-09,2025,36,2025-W36,248,242,84.02777777777779,True,True,True,True,True,True,True,2.16,2.16,2.14,2.16,-0.02,15.12685950413223,11.3,21.3,10.0,71.4297520661157,55,88,33,159.01252066115703,1059.42,1154.43,405.325,29.43,0.5216942148760331,1.14,82.9559121217813,9.838471074380164,0.013583835983600231,False,False,False,False
2025-09-06,2025,9,6,2025-09,2025,36,2025-W36,249,114,39.58333333333333,False,False,True,True,True,True,False,0.85,0.85,0.85,0.85,0.0,12.917543859649122,11.0,17.9,6.899999999999999,76.93859649122807,58,86,28,56.28578947368421,366.55,192.5,150.33289473684212,5.14,0.3608771929824561,0.86,20.31225771006463,8.873771929824562,0.015101502669646447,False,False,False,False
2025-09-07,2025,9,7,2025-09,2025,36,2025-W36,250,205,71.18055555555556,False,False,True,True,True,True,False,2.17,2.17,1.99,2.17,-0.1799999999999999,15.30439024390244,11.8,20.8,9.0,72.92682926829268,50,86,36,164.28478048780485,1062.52,1010.35,420.163512195122,25.84,0.5108780487804878,1.21,83.9294880999405,10.239658536585369,0.013208770730658662,False,False,False,False
2025-09-08,2025,9,8,2025-09,2025,37,2025-W37,251,281,97.56944444444444,True,True,True,True,True,True,True,2.08,2.08,2.02,2.08,-0.06,15.053736654804272,11.1,20.9,9.799999999999999,67.99644128113879,52,85,33,121.30950177935944,1021.07,1022.64,315.04875444839854,26.56,0.5825978647686832,1.14,70.67465671280759,9.023701067615658,0.017146224899869368,False,False,False,False
2025-09-09,2025,9,9,2025-09,2025,37,2025-W37,252,278,96.5277777777778,True,True,True,True,True,True,True,1.85,1.85,1.81,1.85,-0.04,14.938489208633092,9.3,20.2,10.899999999999999,68.22302158273381,52,89,37,101.87158273381294,800.19,849.61,271.0643884892086,22.61,0.5789208633093526,1.11,58.97558462294912,8.927985611510792,0.018160118360328107,False,False,False,False
2025-09-10,2025,9,10,2025-09,2025,37,2025-W37,253,431,149.65277777777777,True,True,True,True,True,True,True,1.91,1.91,1.87,1.91,-0.0399999999999998,15.239675174013922,9.6,22.4,12.799999999999999,68.46403712296984,51,89,38,112.21155452436194,972.81,908.71,298.1459860788863,24.06,0.5871461716937355,1.28,65.88458465878198,9.280580046403712,0.017021420014151262,False,False,False,False
2025-09-11,2025,9,11,2025-09,2025,37,2025-W37,254,458,159.02777777777777,True,True,True,True,True,True,True,2.89,2.89,2.83,2.89,-0.06,15.96943231441048,11.2,21.1,9.900000000000002,66.14847161572052,49,87,38,154.6186244541485,1060.0,1560.49,395.01502183406114,39.32,0.6481441048034935,1.25,100.21514993278161,9.491266375545852,0.01869115063080268,False,False,False,False
2025-09-12,2025,9,12,2025-09,2025,37,2025-W37,255,403,139.93055555555557,True,True,True,True,True,True,True,2.24,2.24,1.7,2.24,-0.5400000000000003,15.55359801488834,10.0,21.7,11.7,69.62531017369727,46,91,45,152.75977667493797,1031.63,1136.23,394.1132754342432,28.81,0.5906699751861042,1.36,90.23061349802043,9.726476426799008,0.014663545919987577,False,False,False,False
2025-09-13,2025,9,13,2025-09,2025,37,2025-W37,256,215,74.65277777777779,False,False,True,True,True,True,False,2.58,2.58,2.38,2.58,-0.2000000000000001,15.966046511627908,10.2,21.8,11.600000000000001,58.19069767441861,44,78,34,186.0460465116279,1015.23,1200.0,473.242511627907,30.52,0.7980465116279071,1.46,148.473398420768,7.565348837209302,0.013867534668836673,False,False,False,False
2025-09-14,2025,9,14,2025-09,2025,37,2025-W37,257,243,84.375,True,True,True,True,True,True,True,1.81,1.81,1.78,1.81,-0.03,13.863374485596708,7.8,19.4,11.599999999999998,68.0246913580247,53,89,36,123.3132098765432,970.32,898.95,323.1753497942387,23.56,0.5531275720164609,1.04,68.20793637656861,7.849629629629629,0.01467807059610327,False,False,False,False
2025-09-15,2025,9,15,2025-09,2025,38,2025-W38,258,233,80.90277777777779,True,True,True,True,True,True,True,2.27,2.27,2.22,2.27,-0.0499999999999998,15.31587982832618,11.2,20.2,9.0,69.17596566523605,54,91,37,173.09836909871242,1199.83,1209.96,435.5807725321888,30.45,0.567167381974249,1.02,98.17574882572897,9.52137339055794,0.01311393060384926,False,False,False,False
2025-09-16,2025,9,16,2025-09,2025,38,2025-W38,259,153,53.125,False,False,True,True,True,True,False,1.28,1.28,1.25,1.28,-0.03,14.47124183006536,8.9,21.1,12.200000000000001,67.05882352941177,47,86,39,90.71973856209152,510.69,416.4,242.30202614379084,11.12,0.6052287581699346,1.33,54.90619471143578,8.108300653594771,0.01410938810327288,False,False,False,False
2025-09-17,2025,9,17,2025-09,2025,38,2025-W38,260,221,76.73611111111111,False,False,True,True,True,True,False,1.77,1.77,1.72,1.77,-0.05,14.648868778280544,8.8,21.6,12.8,69.62443438914028,51,86,35,119.17601809954752,679.5,790.14,318.3057466063349,21.1,0.5593665158371041,1.24,66.66307401568355,8.928099547511312,0.01485198136525691,False,False,False,False
2025-09-23,2025,9,23,2025-09,2025,39,2025-W39,266,152,52.77777777777778,False,False,True,True,True,True,False,2.27,2.27,1.84,2.27,-0.4299999999999999,16.451315789473682,12.7,22.2,9.5,63.05263157894737,48,74,26,127.62302631578947,1128.13,581.96,326.7708552631579,14.9,0.7088815789473685,1.36,90.4696124047784,9.32559210526316,0.017786758906524664,False,False,False,False
2025-09-24,2025,9,24,2025-09,2025,39,2025-W39,267,282,97.91666666666666,True,True,True,True,True,True,True,2.54,2.54,2.49,2.54,-0.0499999999999998,15.670212765957446,12.1,21.2,9.1,64.33687943262412,49,78,29,158.75375886524822,1022.4,1343.06,402.1100354609929,34.02,0.6637234042553191,1.28,105.36858527237058,8.836737588652483,0.01599962116270883,False,False,False,False
2025-09-25,2025,9,25,2025-09,2025,39,2025-W39,268,274,95.13888888888889,True,True,True,True,True,True,True,2.98,2.98,2.87,2.98,-0.1099999999999998,15.819708029197082,11.1,21.2,10.1,59.72627737226277,36,80,44,210.29890510948903,1084.17,1728.66,539.8244890510949,44.37,0.7778832116788321,1.56,163.58798771911128,7.654963503649635,0.014170306775722426,True,False,False,False
2025-09-26,2025,9,26,2025-09,2025,39,2025-W39,269,282,97.91666666666666,True,True,True,True,True,True,True,2.31,2.31,2.29,2.31,-0.02,15.079787234042554,8.1,22.4,14.299999999999999,63.840425531914896,44,85,41,139.9355319148936,1029.32,1183.85,364.0501773049645,30.8,0.6831560283687943,1.49,95.59780221065337,8.005035460992907,0.01650760152471427,False,False,False,False
2025-09-27,2025,9,27,2025-09,2025,39,2025-W39,270,285,98.95833333333334,True,True,True,True,True,True,True,2.1,2.1,2.0,2.1,-0.1,15.94140350877193,12.1,21.6,9.500000000000002,66.6842105263158,46,80,34,114.93484210526316,894.14,982.69,303.97950877192983,25.99,0.6441052631578947,1.39,74.0301367202216,9.52978947368421,0.01827122186392107,False,False,False,False
2025-09-28,2025,9,28,2025-09,2025,39,2025-W39,271,285,98.95833333333334,True,True,True,True,True,True,True,2.16,2.16,2.11,2.16,-0.0500000000000002,15.43473684210526,9.9,21.7,11.799999999999999,66.43859649122807,43,88,45,127.69670175438596,604.55,1091.81,341.06350877192983,29.16,0.6449473684210526,1.48,82.35765175253923,8.917719298245615,0.016915080580190565,False,False,False,False
2025-09-29,2025,9,29,2025-09,2025,40,2025-W40,272,285,98.95833333333334,True,True,True,True,True,True,True,1.75,1.75,1.67,1.75,-0.08,15.87859649122807,12.6,21.6,9.000000000000002,66.17543859649123,48,79,31,76.04385964912281,1083.56,650.18,197.99635087719295,16.93,0.624,1.32,47.451368421052635,9.500350877192982,0.023013034952128274,False,False,False,False
2025-09-30,2025,9,30,2025-09,2025,40,2025-W40,273,285,98.95833333333334,True,True,True,True,True,True,True,1.53,1.53,1.51,1.53,-0.02,13.91719298245614,11.2,20.3,9.100000000000001,79.46666666666667,56,90,34,84.11266666666667,707.7,719.16,224.65522807017544,19.21,0.3476842105263158,1.02,29.24464610526316,10.316280701754383,0.018189888165872758,False,False,False,False
2025-10-01,2025,10,1,2025-10,2025,40,2025-W40,274,281,97.56944444444444,True,True,True,True,True,True,True,1.77,1.77,1.74,1.77,-0.03,14.967615658362988,10.5,19.6,9.100000000000001,70.95373665480427,54,90,36,98.78505338078293,766.95,832.76,263.67117437722425,22.23,0.5300355871886121,1.0,52.35959377414167,9.545231316725978,0.01791769037343382,False,False,False,False
2025-10-02,2025,10,2,2025-10,2025,40,2025-W40,275,246,85.41666666666666,True,True,True,True,True,True,True,2.17,2.17,2.15,2.17,-0.02,16.01991869918699,9.7,21.8,12.100000000000001,64.49186991869918,44,89,45,153.97060975609756,1047.92,1136.3,407.5769918699187,30.08,0.7202439024390244,1.46,110.89639283164783,8.913333333333332,0.014093598794194964,False,False,False,False
2025-10-10,2025,10,10,2025-10,2025,41,2025-W41,283,284,98.61111111111111,True,True,True,True,True,True,True,1.82,1.82,1.75,1.82,-0.07,15.316549295774646,11.3,20.8,9.5,71.85211267605634,50,87,37,91.9061971830986,785.28,783.04,245.1282394366197,20.88,0.5211267605633803,1.23,47.894778813727434,10.103978873239438,0.01980279954760978,False,False,False,False
2025-10-11,2025,10,11,2025-10,2025,41,2025-W41,284,282,97.91666666666666,True,True,True,True,True,True,True,2.13,2.13,2.0,2.13,-0.1299999999999999,15.909929078014184,10.8,21.1,10.3,65.62411347517731,53,80,27,114.79794326241137,848.93,971.19,304.2145035460993,25.74,0.6445744680851064,1.18,73.99582321563304,9.373510638297873,0.018554339385080536,False,False,False,False
2025-10-12,2025,10,12,2025-10,2025,41,2025-W41,285,276,95.83333333333334,True,True,True,True,True,True,True,1.71,1.71,1.68,1.71,-0.03,14.83804347826087,9.6,19.4,9.799999999999999,70.64492753623189,54,89,35,95.43101449275362,749.27,790.17,254.88086956521735,21.1,0.5357246376811595,1.04,51.12474566267591,9.374057971014492,0.017918702940435006,False,False,False,False
2025-10-13,2025,10,13,2025-10,2025,42,2025-W42,286,282,97.91666666666666,True,True,True,True,True,True,True,2.16,2.16,2.03,2.16,-0.1300000000000003,14.187588652482267,11.0,20.6,9.600000000000001,76.95035460992908,52,94,42,129.58787234042552,974.36,1096.31,339.92602836879433,28.76,0.4173404255319148,1.09,54.08225778632864,9.930035460992908,0.0166682264396294,False,False,False,False
2025-10-14,2025,10,14,2025-10,2025,42,2025-W42,287,283,98.26388888888889,True,True,True,True,True,True,True,1.52,1.52,1.45,1.52,-0.07,13.585159010600709,9.8,19.1,9.3,73.28621908127208,52,92,40,75.01985865724382,936.94,636.92,198.59402826855123,16.86,0.453851590106007,1.05,34.047882141118,8.650424028268551,0.020261301836686823,False,False,False,False
2025-10-15,2025,10,15,2025-10,2025,42,2025-W42,288,282,97.91666666666666,True,True,True,True,True,True,True,2.31,2.31,2.27,2.31,-0.04,14.4209219858156,7.3,22.3,15.0,74.90425531914893,46,95,49,154.71854609929076,1165.75,1308.92,388.4914184397163,32.87,0.4832624113475177,1.44,74.76965766812533,9.7040780141844,0.014930336784043688,False,False,False,False
2025-10-16,2025,10,16,2025-10,2025,42,2025-W42,289,284,98.61111111111111,True,True,True,True,True,True,True,2.11,2.11,2.04,2.11,-0.0699999999999998,14.821830985915492,10.4,20.8,10.4,76.6443661971831,53,93,40,130.30570422535212,922.8,1110.2,343.4939084507042,29.27,0.4355281690140845,1.08,56.75180477335846,10.556549295774648,0.016192690968853847,False,False,False,False
2025-10-17,2025,10,17,2025-10,2025,42,2025-W42,290,284,98.61111111111111,True,True,True,True,True,True,True,1.58,1.58,1.54,1.58,-0.04,14.60387323943662,10.5,20.2,9.7,77.56338028169014,52,91,39,83.26809859154929,1099.12,709.44,217.5126056338028,18.53,0.3990140845070422,1.11,33.22514412814917,10.578345070422536,0.0189748538362848,False,False,False,False
2025-10-18,2025,10,18,2025-10,2025,42,2025-W42,291,284,98.61111111111111,True,True,True,True,True,True,True,1.83,1.83,1.78,1.83,-0.05,14.415492957746478,9.9,20.3,10.4,75.08098591549296,55,93,38,110.4644014084507,859.03,941.16,294.0012676056338,25.05,0.455669014084507,1.05,50.33520488122396,9.829014084507042,0.016566422998423112,False,False,False,False
2025-10-19,2025,10,19,2025-10,2025,42,2025-W42,292,283,98.26388888888889,True,True,True,True,True,True,True,1.92,1.92,1.88,1.92,-0.04,14.335335689045936,8.5,19.7,11.2,69.92579505300354,51,93,42,117.85459363957597,739.16,1000.59,314.7759010600707,26.72,0.5501766784452297,1.1,64.8408488681342,8.614664310954064,0.016291261466411418,False,False,False,False
2025-10-20,2025,10,20,2025-10,2025,43,2025-W43,293,283,98.26388888888889,True,True,True,True,True,True,True,1.66,1.66,1.62,1.66,-0.0399999999999998,14.881272084805651,10.8,20.8,10.0,71.24734982332156,51,87,36,89.20303886925795,945.34,757.33,236.3964664310954,20.07,0.5255477031802119,1.15,46.88045219443369,9.546254416961132,0.018609231490790454,False,False,False,False
2025-10-21,2025,10,21,2025-10,2025,43,2025-W43,294,283,98.26388888888889,True,True,True,True,True,True,True,1.63,1.63,1.57,1.63,-0.0599999999999998,14.619787985865724,8.9,20.2,11.299999999999999,76.53710247349824,54,92,38,88.45522968197879,558.9,750.98,236.25381625441696,20.06,0.4388339222614841,1.07,38.817155385883204,10.311448763250883,0.01842740113682712,False,False,False,False
2025-10-22,2025,10,22,2025-10,2025,43,2025-W43,295,285,98.95833333333334,True,True,True,True,True,True,True,1.79,1.79,1.68,1.79,-0.1100000000000001,14.546315789473685,10.8,22.5,11.7,80.0701754385965,50,92,42,94.51449122807018,905.3,808.1,249.3518596491228,21.32,0.3694035087719298,1.36,34.913984689442906,10.957263157894737,0.01893889473182057,False,False,False,False
2025-10-23,2025,10,23,2025-10,2025,43,2025-W43,296,283,98.26388888888889,True,True,True,True,True,True,True,1.78,1.78,1.75,1.78,-0.03,13.7226148409894,8.4,22.4,13.999999999999998,82.93639575971731,52,95,43,110.47056537102476,842.05,937.9,294.08565371024736,24.97,0.3253003533568904,1.27,35.93611395072981,10.614346289752651,0.016112889383898047,False,False,False,False
2025-10-24,2025,10,24,2025-10,2025,43,2025-W43,297,285,98.95833333333334,True,True,True,True,True,True,True,2.52,2.52,2.49,2.52,-0.0299999999999998,15.759649122807016,10.9,22.9,11.999999999999998,74.83859649122807,47,95,48,171.3718947368421,1068.77,1465.23,428.8977894736842,36.67,0.5294035087719298,1.46,90.72488237857802,10.908315789473685,0.014704861633640104,False,False,False,False
2025-10-25,2025,10,25,2025-10,2025,43,2025-W43,298,280,97.2222222222222,True,True,True,True,True,True,True,1.4,1.4,1.33,1.4,-0.0699999999999998,14.834285714285716,11.3,19.9,8.599999999999998,78.15714285714286,58,92,34,65.73314285714285,665.27,552.16,175.56571428571428,14.75,0.3959285714285714,0.98,26.02562934693877,10.92382142857143,0.021298236158319786,False,False,False,False
2025-10-26,2025,10,26,2025-10,2025,43,2025-W43,299,267,92.70833333333334,True,True,True,True,True,True,True,1.74,1.74,1.72,1.74,-0.02,16.319101123595505,12.2,21.8,9.600000000000001,73.90636704119851,51,93,42,97.53730337078652,1067.28,781.27,257.2021722846442,20.6,0.5348314606741573,1.22,52.16601843201616,11.364307116104868,0.017839328542695276,False,False,False,False
2025-10-30,2025,10,30,2025-10,2025,44,2025-W44,303,151,52.43055555555556,False,False,True,True,True,True,False,2.18,2.18,1.59,2.18,-0.5900000000000001,16.848344370860925,12.9,23.0,10.1,65.90728476821192,44,80,36,116.11099337748344,837.96,525.98,308.5426490066225,13.98,0.6956291390728477,1.57,80.77019036007194,10.2323178807947,0.018775138654724074,False,False,False,False
2025-10-31,2025,10,31,2025-10,2025,44,2025-W44,304,287,99.6527777777778,True,True,True,True,True,True,True,1.47,1.47,1.38,1.47,-0.09,14.498606271777003,10.1,18.6,8.500000000000002,73.36236933797909,55,88,33,68.93341463414635,410.16,593.52,184.11317073170733,15.85,0.4685365853658536,0.95,32.29782671029149,9.634006968641115,0.021324926493222516,False,False,False,False
2025-11-10,2025,11,10,2025-11,2025,46,2025-W46,314,284,98.61111111111111,True,True,True,True,True,True,True,1.65,1.65,1.59,1.65,-0.0599999999999998,14.262676056338028,12.1,20.7,8.6,82.27112676056338,57,94,37,92.14595070422536,937.32,785.08,237.77767605633804,20.26,0.3108450704225352,0.98,28.643114535806387,11.14200704225352,0.01790637556387314,False,False,False,False
2025-11-11,2025,11,11,2025-11,2025,46,2025-W46,315,286,99.30555555555556,True,True,True,True,True,True,True,2.0,2.0,1.92,2.0,-0.08,14.791258741258742,8.3,22.1,13.8,74.15384615384616,51,90,39,117.86671328671328,906.74,1011.3,311.8602797202797,26.76,0.4903846153846153,1.3,57.80002286175362,9.991818181818182,0.01696831908034084,False,False,False,False
2025-11-12,2025,11,12,2025-11,2025,46,2025-W46,316,281,97.56944444444444,True,True,True,True,True,True,True,1.91,1.91,1.86,1.91,-0.0499999999999998,15.2644128113879,10.8,21.1,10.3,69.83629893238434,52,87,35,102.99124555160142,674.54,868.22,275.0777224199288,23.19,0.5554804270462633,1.2,57.20962106103013,9.642277580071177,0.01854526556864523,False,False,False,False
2025-11-13,2025,11,13,2025-11,2025,46,2025-W46,317,269,93.4027777777778,True,True,True,True,True,True,True,1.58,1.58,1.54,1.58,-0.04,15.188847583643124,12.6,21.9,9.299999999999999,78.70260223048327,55,89,34,86.29364312267658,1029.51,696.39,227.69342007434943,18.37,0.3857620817843866,1.18,33.288815415762635,11.410594795539032,0.018309575802169388,False,False,False,False
2025-11-14,2025,11,14,2025-11,2025,46,2025-W46,318,282,97.91666666666666,True,True,True,True,True,True,True,1.44,1.44,1.4,1.44,-0.04,15.01099290780142,11.7,20.4,8.7,79.2127659574468,53,91,38,70.75460992907801,681.62,598.58,188.97744680851065,15.99,0.3870567375886525,1.11,27.386048488506617,11.232659574468084,0.020352030792670704,False,False,False,False
2025-11-15,2025,11,15,2025-11,2025,46,2025-W46,319,281,97.56944444444444,True,True,True,True,True,True,True,1.23,1.23,1.18,1.23,-0.05,14.295373665480428,12.3,18.3,6.0,83.91103202846975,65,93,28,56.65861209964413,373.16,477.63,151.32864768683274,12.76,0.2755516014234875,0.74,15.612371298489126,11.53950177935943,0.021708968053026585,False,False,False,False
2025-11-16,2025,11,16,2025-11,2025,46,2025-W46,320,282,97.91666666666666,True,True,True,True,True,True,True,2.2,2.2,2.16,2.2,-0.04,15.05354609929078,11.5,21.4,9.899999999999999,78.66666666666667,55,93,38,142.5886524822695,928.97,1206.3,368.74070921985816,31.2,0.4065602836879433,1.08,57.97088300387305,11.17191489361702,0.015428997761750808,False,False,False,False
2025-11-17,2025,11,17,2025-11,2025,47,2025-W47,321,284,98.61111111111111,True,True,True,True,True,True,True,2.09,2.09,2.08,2.09,-0.0099999999999997,15.825704225352112,12.0,22.9,10.899999999999999,76.08802816901408,52,91,39,124.56246478873238,763.25,1061.27,332.55654929577463,28.33,0.4801760563380282,1.27,59.81191310999801,11.396338028169014,0.016778730282391265,False,False,False,False
2025-11-18,2025,11,18,2025-11,2025,47,2025-W47,322,252,87.5,True,True,True,True,True,True,True,2.01,2.01,1.91,2.01,-0.0999999999999998,15.14563492063492,10.5,22.2,11.7,77.42857142857143,47,94,47,127.66896825396825,934.51,965.18,322.7619444444444,24.4,0.4721428571428571,1.42,60.277991439909286,10.767460317460316,0.01574384149483815,False,False,False,False
2025-11-19,2025,11,19,2025-11,2025,47,2025-W47,323,276,95.83333333333334,True,True,True,True,True,True,True,1.67,1.67,1.63,1.67,-0.04,15.011231884057972,10.2,22.0,11.8,72.89855072463769,48,95,47,89.61166666666666,805.73,741.98,238.7917391304348,19.77,0.5192753623188405,1.37,46.5331306763285,9.871920289855073,0.018635966299031005,False,False,False,False
2025-11-20,2025,11,20,2025-11,2025,47,2025-W47,324,268,93.05555555555556,True,True,True,True,True,True,True,1.59,1.59,1.47,1.59,-0.1200000000000001,13.460074626865673,9.5,20.7,11.2,79.55223880597015,54,95,41,84.91914179104477,817.41,682.75,226.12548507462685,18.18,0.3654104477611941,1.07,31.030341625361995,9.742014925373136,0.01872369369808769,False,False,False,False
2025-11-21,2025,11,21,2025-11,2025,47,2025-W47,325,279,96.875,True,True,True,True,True,True,True,1.63,1.63,1.59,1.63,-0.0399999999999998,13.008960573476704,8.1,22.9,14.799999999999999,85.93548387096774,50,95,45,98.67283154121864,809.61,825.89,260.8245519713262,21.83,0.265663082437276,1.37,26.213728580054216,10.455806451612904,0.016519238117932183,False,False,False,False
2025-11-22,2025,11,22,2025-11,2025,47,2025-W47,326,283,98.26388888888889,True,True,True,True,True,True,True,2.33,2.33,2.29,2.33,-0.04,15.803886925795052,9.5,23.2,13.7,75.09893992932862,44,96,52,146.70424028268553,1003.71,1245.52,380.7333215547703,32.32,0.5274911660777385,1.57,77.38519077526253,10.9926148409894,0.015882294850580358,False,False,False,False
2025-11-23,2025,11,23,2025-11,2025,47,2025-W47,327,283,98.26388888888889,True,True,True,True,True,True,True,2.25,2.25,2.14,2.25,-0.1099999999999998,15.894699646643108,10.9,22.0,11.1,74.71378091872792,48,91,43,133.95296819787987,892.79,1137.26,356.4140989399293,30.26,0.517243816254417,1.3,69.28634446927794,11.07226148409894,0.01679694022663405,False,False,False,False
2025-11-24,2025,11,24,2025-11,2025,48,2025-W48,328,279,96.875,True,True,True,True,True,True,True,1.61,1.61,1.52,1.61,-0.09,15.413620071684589,12.5,21.1,8.600000000000001,73.59139784946237,52,88,36,74.908458781362,554.03,626.98,200.0717921146953,16.75,0.4887813620071685,1.15,36.61385850901196,10.567096774193548,0.02149289981655029,False,False,False,False
2025-11-25,2025,11,25,2025-11,2025,48,2025-W48,329,278,96.5277777777778,True,True,True,True,True,True,True,2.1,2.1,2.08,2.1,-0.02,15.99568345323741,12.3,20.8,8.5,71.44244604316546,57,91,34,124.84158273381294,896.01,1041.18,329.68345323741005,27.5,0.5559352517985612,1.01,69.40383673205321,10.623273381294965,0.016821318298067538,False,False,False,False
2025-11-26,2025,11,26,2025-11,2025,48,2025-W48,330,283,98.26388888888889,True,True,True,True,True,True,True,2.03,2.03,1.96,2.03,-0.0699999999999998,15.871024734982331,11.4,20.4,8.999999999999998,67.32155477031802,54,82,28,101.89095406360424,1020.84,865.05,263.3418374558304,22.36,0.6136042402826856,1.08,62.520721459875894,9.712720848056536,0.01992326029975925,False,False,False,False
2025-11-27,2025,11,27,2025-11,2025,48,2025-W48,331,285,98.95833333333334,True,True,True,True,True,True,True,2.32,2.32,2.19,2.32,-0.1299999999999999,16.223859649122808,11.3,22.8,11.5,66.08070175438597,47,84,37,127.6982807017544,838.22,1091.82,339.0607719298245,28.99,0.6686666666666666,1.47,85.38758369590644,9.684877192982457,0.018167824870081638,False,False,False,False
2025-11-28,2025,11,28,2025-11,2025,48,2025-W48,332,283,98.26388888888889,True,True,True,True,True,True,True,1.94,1.94,1.88,1.94,-0.06,14.96643109540636,11.7,20.1,8.400000000000002,69.64310954063605,54,86,32,108.33448763250884,917.91,919.76,286.35406360424025,24.31,0.5391166077738516,1.08,58.404921477356446,9.356325088339224,0.017907501502022593,False,False,False,False
2025-11-29,2025,11,29,2025-11,2025,48,2025-W48,333,283,98.26388888888889,True,True,True,True,True,True,True,2.04,2.04,1.96,2.04,-0.08,14.689752650176676,9.3,21.7,12.399999999999999,75.90812720848056,49,93,44,117.90975265017669,779.47,1001.05,314.6343816254417,26.71,0.4513427561837456,1.31,53.21771274207445,10.25904593639576,0.017301367818592765,False,False,False,False
2025-11-30,2025,11,30,2025-11,2025,48,2025-W48,334,284,98.61111111111111,True,True,True,True,True,True,True,2.34,2.34,2.26,2.34,-0.08,15.058802816901409,10.5,23.7,13.2,74.94718309859155,43,93,50,141.4900352112676,840.17,1205.5,372.7770422535211,31.76,0.4815492957746478,1.66,68.13442681511603,10.409014084507042,0.016538267140198244,False,False,False,False
2025-12-10,2025,12,10,2025-12,2025,50,2025-W50,344,282,97.91666666666666,True,True,True,True,True,True,True,1.81,1.81,1.79,1.81,-0.02,14.452127659574469,11.7,20.2,8.5,80.18794326241135,54,93,39,110.45003546099292,1013.59,934.41,290.81698581560283,24.6,0.3532978723404255,1.09,39.021762528293344,10.929964539007091,0.01638750039731068,False,False,False,False
2025-12-11,2025,12,11,2025-12,2025,50,2025-W50,345,284,98.61111111111111,True,True,True,True,True,True,True,2.06,2.06,1.96,2.06,-0.1,15.351408450704223,10.5,23.0,12.5,77.70774647887323,47,93,46,117.74697183098591,986.78,1003.2,302.44672535211265,25.77,0.4533802816901408,1.44,53.384155256893465,11.142570422535211,0.017495142065792786,False,False,False,False
2025-12-12,2025,12,12,2025-12,2025,50,2025-W50,346,284,98.61111111111111,True,True,True,True,True,True,True,2.13,2.13,2.04,2.13,-0.0899999999999998,15.393309859154929,10.6,22.1,11.500000000000002,66.36971830985915,47,82,35,117.5436971830986,937.96,1001.47,309.7807394366197,26.39,0.6290845070422535,1.38,73.9449187983535,8.989894366197184,0.018120920568646778,False,False,False,False
2025-12-13,2025,12,13,2025-12,2025,50,2025-W50,347,284,98.61111111111111,True,True,True,True,True,True,True,2.06,2.06,1.99,2.06,-0.07,14.373239436619718,8.1,22.4,14.299999999999999,69.73591549295774,46,91,45,124.78045774647887,923.63,1063.13,326.9536267605634,27.86,0.5775352112676057,1.45,72.06510802668122,8.554647887323943,0.016508995376386414,False,False,False,False
2025-12-14,2025,12,14,2025-12,2025,50,2025-W50,348,285,98.95833333333334,True,True,True,True,True,True,True,2.17,2.17,2.11,2.17,-0.06,14.282456140350876,7.4,23.2,15.799999999999999,74.43859649122807,47,94,47,137.9297894736842,806.78,1179.3,366.1700701754386,31.31,0.5045263157894737,1.51,69.58920852077561,9.421754385964912,0.015732642007794968,False,False,False,False
2025-12-15,2025,12,15,2025-12,2025,51,2025-W51,349,282,97.91666666666666,True,True,True,True,True,True,True,2.19,2.19,2.16,2.19,-0.0299999999999998,14.664539007092197,7.6,22.5,14.9,75.42198581560284,49,94,45,140.50620567375887,653.81,1188.68,375.27620567375885,31.75,0.4734042553191489,1.39,66.516235664705,10.095673758865248,0.015586500179820936,False,False,False,False
2025-12-16,2025,12,16,2025-12,2025,51,2025-W51,350,279,96.875,True,True,True,True,True,True,True,2.21,2.21,2.11,2.21,-0.1,15.621863799283156,11.5,23.2,11.7,74.77060931899642,51,90,39,128.1384946236559,733.63,1072.52,342.24333333333334,28.65,0.4885304659498208,1.39,62.59955848460323,10.97458781362007,0.017246963970435215,False,False,False,False
2025-12-17,2025,12,17,2025-12,2025,51,2025-W51,351,281,97.56944444444444,True,True,True,True,True,True,True,2.07,2.07,2.0,2.07,-0.0699999999999998,14.823843416370106,9.0,22.5,13.5,80.54804270462634,49,94,45,129.1570106761566,780.17,1088.79,344.3478647686833,29.03,0.3835943060498221,1.37,49.54389388178976,11.261138790035588,0.016027004567256822,False,False,False,False
2025-12-18,2025,12,18,2025-12,2025,51,2025-W51,352,283,98.26388888888889,True,True,True,True,True,True,True,1.8,1.8,1.73,1.8,-0.07,14.882332155477032,10.1,22.4,12.299999999999999,81.97879858657244,54,94,40,102.1905300353357,663.74,867.6,272.9390812720848,23.17,0.3468551236749116,1.16,35.445308933811134,11.635936395759716,0.0176141566090086,False,False,False,False
2025-12-19,2025,12,19,2025-12,2025,51,2025-W51,353,280,97.2222222222222,True,True,True,True,True,True,True,2.28,2.28,2.24,2.28,-0.0399999999999995,15.621071428571428,11.0,23.4,12.399999999999999,77.31428571428572,42,94,52,140.72185714285715,807.91,1182.06,374.74539285714286,31.48,0.4649285714285714,1.67,65.42561201020408,11.37667857142857,0.01620217389318138,False,False,False,False
2025-12-20,2025,12,20,2025-12,2025,51,2025-W51,354,280,97.2222222222222,True,True,True,True,True,True,True,1.59,1.59,1.55,1.59,-0.04,15.477857142857143,11.0,21.0,10.0,73.00357142857143,53,90,37,77.4992857142857,490.89,650.99,206.99175,17.39,0.5135,1.17,39.79588321428571,10.475,0.02051631812274768,False,False,False,False
2025-12-21,2025,12,21,2025-12,2025,51,2025-W51,355,221,76.73611111111111,False,False,True,True,True,True,False,1.1,1.1,0.92,1.1,-0.18,14.023076923076925,11.0,20.5,9.5,80.04524886877829,55,91,36,21.78733031674208,260.51,144.45,58.19176470588235,3.86,0.3380542986425339,1.05,7.365300669519459,10.54660633484163,0.05048805815160957,False,False,False,False
2025-12-22,2025,12,22,2025-12,2025,52,2025-W52,356,285,98.95833333333334,True,True,True,True,True,True,True,1.79,1.79,1.72,1.79,-0.07,15.437894736842106,11.3,20.7,9.399999999999999,77.12982456140351,52,91,39,92.26326315789473,627.66,788.85,246.42480701754388,21.07,0.4411228070175438,1.15,40.69942962880886,11.248,0.019401004676549146,False,False,False,False
2025-12-23,2025,12,23,2025-12,2025,52,2025-W52,357,282,97.91666666666666,True,True,True,True,True,True,True,2.12,2.12,2.09,2.12,-0.0300000000000002,15.738652482269504,11.4,22.4,10.999999999999998,76.52127659574468,47,93,46,125.02702127659576,798.36,1057.73,332.0673758865248,28.09,0.4671985815602837,1.38,58.41244699713295,11.387553191489362,0.016956334545553557,False,False,False,False
2025-12-24,2025,12,24,2025-12,2025,52,2025-W52,358,282,97.91666666666666,True,True,True,True,True,True,True,2.4,2.4,2.33,2.4,-0.0699999999999998,16.335106382978722,13.1,22.0,8.9,73.29078014184397,55,87,32,142.51294326241134,783.49,1205.66,379.9056737588653,32.14,0.5330141843971631,1.15,75.96142021905335,11.398758865248226,0.016840575635160674,False,False,False,False
2025-12-25,2025,12,25,2025-12,2025,52,2025-W52,359,282,97.91666666666666,True,True,True,True,True,True,True,2.28,2.28,2.21,2.28,-0.0699999999999998,15.38936170212766,10.2,22.6,12.400000000000002,73.51773049645391,49,89,40,135.85712765957447,910.81,1149.35,357.336524822695,30.23,0.505531914893617,1.4,68.68011389769127,10.481808510638295,0.01678233626220286,False,False,False,False
2025-12-26,2025,12,26,2025-12,2025,52,2025-W52,360,283,98.26388888888889,True,True,True,True,True,True,True,2.56,2.56,2.48,2.56,-0.08,14.920141342756182,8.8,21.9,13.099999999999998,72.7844522968198,45,94,49,166.97643109540635,722.75,1417.63,445.9747703180212,37.86,0.5376678445229682,1.41,89.77785779320506,9.697773851590105,0.015331505070540626,False,False,False,False
2025-12-27,2025,12,27,2025-12,2025,52,2025-W52,361,281,97.56944444444444,True,True,True,True,True,True,True,2.16,2.16,2.13,2.16,-0.0300000000000002,15.18576512455516,9.3,21.9,12.599999999999998,66.93594306049822,45,92,47,134.35839857651246,813.87,1132.64,355.7541992882562,29.99,0.636797153024911,1.42,85.5590456985094,8.681316725978647,0.01607640477174901,False,False,False,False
2025-12-28,2025,12,28,2025-12,2025,52,2025-W52,362,283,98.26388888888889,True,True,True,True,True,True,True,2.83,2.83,2.71,2.83,-0.1200000000000001,14.440282685512368,6.3,23.2,16.9,65.3286219081272,38,88,50,193.4806007067138,783.06,1642.65,516.3667137809188,43.84,0.6979151943462897,1.65,135.03305104446304,7.301554770318022,0.014626789402467463,False,False,False,False
2025-12-29,2025,12,29,2025-12,2026,1,2026-W01,363,282,97.91666666666666,True,True,True,True,True,True,True,1.83,1.83,1.81,1.83,-0.02,14.9822695035461,8.6,22.1,13.500000000000002,68.822695035461,46,90,44,105.2386524822695,848.75,890.32,278.3779078014185,23.55,0.6075886524822696,1.44,63.94181105075198,8.935921985815602,0.017389048195085133,False,False,False,False
2025-12-30,2025,12,30,2025-12,2026,1,2026-W01,364,281,97.56944444444444,True,True,True,True,True,True,True,1.79,1.79,1.75,1.79,-0.04,15.036654804270464,11.5,20.8,9.3,70.55160142348754,52,90,38,98.6018149466192,937.57,831.21,258.34128113879,21.78,0.5317437722419929,1.18,52.430901029622206,9.580854092526687,0.018153824054547737,False,False,False,False
2025-12-31,2025,12,31,2025-12,2026,1,2026-W01,365,283,98.26388888888889,True,True,True,True,True,True,True,1.55,1.55,1.51,1.55,-0.04,15.563604240282686,10.7,21.2,10.5,67.57597173144876,53,82,29,67.85872791519435,541.11,576.12,181.24293286219083,15.39,0.6045583038869258,1.16,41.02455745233428,9.454982332155478,0.022841571712589343,False,False,False,False
2026-01-01,2026,1,1,2026-01,2026,1,2026-W01,1,282,97.91666666666666,True,True,True,True,True,True,True,2.44,2.44,2.38,2.44,-0.06,15.454609929078014,10.0,23.3,13.3,69.98226950354609,44,87,43,154.82936170212764,898.78,1309.86,402.42265957446807,34.04,0.5952127659574468,1.6,92.15641263014938,9.705851063829789,0.01575928475823762,False,False,False,False
2026-01-13,2026,1,13,2026-01,2026,3,2026-W03,13,261,90.625,True,True,True,True,True,True,True,1.44,1.44,1.41,1.44,-0.03,15.119923371647513,11.6,19.9,8.299999999999999,76.27586206896552,54,88,34,70.42256704980844,451.35,551.41,188.09053639846744,14.73,0.4382758620689655,1.07,30.864511282864317,10.80567049808429,0.020447990755314522,False,False,False,False
2026-02-01,2026,2,1,2026-02,2026,5,2026-W05,32,283,98.26388888888889,True,True,True,True,True,True,True,1.48,1.48,1.42,1.48,-0.06,14.434628975265015,9.1,20.9,11.799999999999999,73.73498233215548,54,89,35,70.55074204946996,857.02,598.98,186.6316254416961,15.85,0.4785865724381625,1.11,33.764637820424774,9.596713780918728,0.02097780912016813,False,False,False,False
2026-03-01,2026,3,1,2026-03,2026,9,2026-W09,60,281,97.56944444444444,True,True,True,True,True,True,True,1.88,1.88,1.79,1.88,-0.0899999999999998,14.54982206405694,10.3,22.9,12.599999999999998,76.43416370106762,45,90,45,101.66106761565835,833.22,857.0,267.4963701067616,22.55,0.4343416370106761,1.54,44.15563452843808,10.23829181494662,0.018492821727070202,False,False,False,False
2026-04-01,2026,4,1,2026-04,2026,14,2026-W14,91,281,97.56944444444444,True,True,True,True,True,True,True,1.46,1.46,1.44,1.46,-0.02,15.029181494661922,10.5,20.2,9.7,74.69039145907473,56,92,36,72.45505338078291,503.01,610.8,193.51925266903916,16.31,0.4617081850533808,0.97,33.4530911943871,10.423843416370106,0.020150423357320063,False,False,False,False
2026-05-01,2026,5,1,2026-05,2026,18,2026-W18,121,281,97.56944444444444,True,True,True,True,True,True,True,1.78,1.78,1.7,1.78,-0.08,14.42846975088968,10.8,22.2,11.399999999999999,79.2170818505338,50,92,42,98.7720640569395,846.59,832.65,262.82558718861213,22.16,0.3822419928825623,1.31,37.75483060624865,10.670604982206406,0.018021289896036564,False,False,False,False
2026-06-01,2026,6,1,2026-06,2026,23,2026-W23,152,282,97.91666666666666,True,True,True,True,True,True,True,1.4,1.4,1.33,1.4,-0.0699999999999998,13.64645390070922,10.8,22.9,12.099999999999998,85.62411347517731,53,95,42,65.75936170212766,723.46,556.32,175.63570921985814,14.86,0.2514539007092198,1.17,16.53544800814848,11.14595744680851,0.02128974436129149,False,False,False,False
2026-07-01,2026,7,1,2026-07,2026,27,2026-W27,182,280,97.2222222222222,True,True,True,True,True,True,True,1.67,1.67,1.64,1.67,-0.03,14.09142857142857,9.6,22.2,12.6,83.01785714285714,50,96,46,96.58614285714286,961.07,811.32,252.51617857142853,21.21,0.3183214285714285,1.34,30.745438974489787,11.023642857142857,0.017290264944838284,False,False,False,False
2026-08-01,2026,8,1,2026-08,2026,31,2026-W31,213,278,96.5277777777778,True,True,True,True,True,True,True,1.8,1.8,1.67,1.8,-0.1300000000000001,14.900359712230216,11.0,20.8,9.8,73.04676258992805,53,90,37,88.15902877697842,739.52,735.25,235.46276978417268,19.64,0.4941007194244605,1.13,43.55943954246675,9.883273381294964,0.020417647800471762,False,False,False,False
2026-09-01,2026,9,1,2026-09,2026,36,2026-W36,244,283,98.26388888888889,True,True,True,True,True,True,True,1.81,1.81,1.73,1.81,-0.08,15.041696113074206,10.6,22.5,11.9,75.46643109540636,47,90,43,97.57904593639576,934.25,828.45,258.25328621908125,21.93,0.4672438162544169,1.39,45.5932058097866,10.469469964664311,0.018549064326574778,False,False,False,False
2026-10-01,2026,10,1,2026-10,2026,40,2026-W40,274,282,97.91666666666666,True,True,True,True,True,True,True,1.98,1.98,1.93,1.98,-0.05,14.711347517730498,10.7,22.3,11.600000000000001,76.51418439716312,49,92,43,115.5695390070922,994.55,977.72,300.29425531914893,25.4,0.4323404255319149,1.36,49.96538367285348,10.414893617021276,0.01713254216475236,False,False,False,False
2026-11-01,2026,11,1,2026-11,2026,44,2026-W44,305,281,97.56944444444444,True,True,True,True,True,True,True,1.9,1.9,1.82,1.9,-0.0799999999999998,15.181138790035586,10.8,20.7,9.899999999999999,74.5693950177936,52,92,40,104.06772241992884,807.32,877.29,276.506049822064,23.31,0.4799288256227758,1.16,49.945099806233465,10.452669039145906,0.01825734200594124,False,False,False,False
2026-12-01,2026,12,1,2026-12,2026,49,2026-W49,335,281,97.56944444444444,True,True,True,True,True,True,True,1.37,1.37,1.34,1.37,-0.03,14.50747330960854,11.7,18.8,7.100000000000001,75.99644128113879,56,94,38,61.72259786476868,533.54,520.32,164.85395017793593,13.9,0.423202846975089,0.95,26.121179139068655,10.12270462633452,0.022196084536195412,False,False,False,False
