date,datetime_first,datetime_last,n_records,pct_day_records,temp_in_mean,temp_in_min,temp_in_max,temp_out_mean,temp_out_min,temp_out_max,rh_in_mean,rh_in_min,rh_in_max,rh_out_mean,rh_out_min,rh_out_max,rad_in_mean,rad_in_max,rad_out_mean,rad_out_max,par_in_mean,par_out_mean,dli_in_max,dli_out_max,vpd_in_mean,vpd_in_max,vpd_out_mean,vpd_out_max,dewpoint_in_mean,dewpoint_out_mean,et_in_daily_max,et_out_daily_max,rad_acc_in_daily_max,rad_acc_out_daily_max,et_in_daily_last,et_out_daily_last,et_in_daily,et_out_daily,is_valid_day,et_in_last_minus_max,et_out_last_minus_max
2025-07-30,2025-07-30 13:09:00,2025-07-30 20:40:00,44,15.277777777777779,22.53181818181818,10.8,30.7,17.452272727272728,13.0,20.6,48.36363636363637,33,81,54.11363636363637,45,69,45.06181818181818,168.87,353.03818181818184,1432.37,120.35477272727272,793.4502272727273,1.59,10.47,1.5402272727272726,2.96,0.9288636363636363,1.33,10.624772727272727,7.999318181818182,5.77,2.42,59.48,466.01,5.77,1.98,5.77,2.42,False,0.0,-0.43999999999999995
2025-07-31,2025-07-31 16:45:00,2025-07-31 23:55:00,82,28.47222222222222,14.66219512195122,11.6,22.2,15.168292682926829,12.3,22.9,71.5,49,82,73.01219512195122,51,85,1.4510975609756096,13.54,5.125121951219512,47.08,3.8756097560975613,13.688780487804879,0.1,0.34,0.5039024390243902,1.36,0.49817073170731707,1.37,9.438292682926829,10.205731707317073,3.79,0.0,3.57,12.61,3.79,0.0,3.79,0.0,False,0.0,0.0
2025-08-01,2025-08-01 00:00:00,2025-08-01 20:41:00,239,82.98611111111111,17.185355648535566,10.2,28.3,17.22845188284519,10.7,28.2,68.00836820083683,39,91,69.31380753138075,38,94,20.37460251046025,102.33,36.502552301255236,208.37,54.41832635983263,97.49410041841004,3.9,6.99,0.7699163179916317,2.35,0.7417573221757322,2.33,10.64581589958159,10.983514644351464,5.3,0.92,146.09,261.72,5.3,0.92,5.3,0.92,True,0.0,0.0
2025-08-04,2025-08-04 08:26:00,2025-08-04 23:56:00,181,62.84722222222222,18.00939226519337,9.0,28.2,17.024309392265195,7.8,27.8,60.651933701657455,36,90,60.29834254143646,36,86,155.7193370165746,690.09,41.5414364640884,315.02,415.9089502762431,110.95243093922652,22.58,6.02,0.9737016574585636,2.23,0.9137569060773479,2.39,9.706906077348066,8.762044198895028,5.38,0.0,845.56,225.57,5.38,0.0,5.38,0.0,False,0.0,0.0
2025-08-05,2025-08-05 00:01:00,2025-08-05 23:56:00,277,96.18055555555556,15.058844765342961,6.0,28.7,14.444404332129963,5.3,27.6,66.37545126353791,27,94,64.79783393501805,30,92,81.94761732851987,537.7,26.791949458483753,328.9,218.87274368231047,71.5581227436823,18.19,5.95,0.794043321299639,2.83,0.798014440433213,2.58,7.786642599277979,6.81826714801444,5.66,0.0,680.98,222.64,5.66,0.0,5.66,0.0,True,0.0,0.0
2025-08-06,2025-08-06 00:01:00,2025-08-06 23:55:00,277,96.18055555555556,17.302888086642596,9.1,32.7,14.813718411552346,8.4,22.2,67.58483754512635,29,92,70.08664259927798,43,91,100.05205776173284,745.39,134.92880866425992,1068.91,267.2275812274368,323.95927797833934,22.21,26.92,0.867653429602888,3.37,0.5769675090252707,1.53,10.308303249097474,9.022202166064982,6.35,2.1,831.43,1121.26,6.35,2.06,6.35,2.1,True,0.0,-0.040000000000000036
2025-08-07,2025-08-07 00:06:00,2025-08-07 23:56:00,237,82.29166666666666,15.51983122362869,12.8,21.7,13.40928270042194,11.4,16.5,80.23628691983123,57,92,83.12658227848101,69,93,45.050000000000004,254.63,59.890168776371304,330.72,120.32345991561182,159.95962025316456,8.55,11.37,0.3850210970464135,1.09,0.2687763713080169,0.58,11.978776371308015,10.547088607594937,3.54,1.2,320.31,425.82,3.54,1.14,3.54,1.2,True,0.0,-0.06000000000000005
2025-08-08,2025-08-08 00:01:00,2025-08-08 23:56:00,270,93.75,16.663703703703703,12.2,26.2,13.687407407407408,11.3,19.2,78.37037037037037,48,95,83.99259259259259,65,94,62.55825925925926,540.58,93.57062962962962,923.36,167.08603703703704,244.4849259259259,13.53,19.8,0.5062592592592593,1.76,0.27011111111111114,0.78,12.509555555555556,10.930296296296296,4.68,1.53,506.72,757.92,4.68,1.51,4.68,1.53,True,0.0,-0.020000000000000018
2025-08-09,2025-08-09 00:01:00,2025-08-09 23:55:00,280,97.22222222222221,16.27357142857143,12.2,28.3,13.94,11.3,20.2,77.325,37,94,79.3,51,93,66.96321428571429,487.59,99.34532142857142,780.76,178.85107142857143,265.0353928571429,15.02,22.26,0.5583214285714286,2.32,0.36592857142857144,1.11,11.685321428571427,10.19675,5.18,1.67,562.49,834.5,5.18,1.65,5.18,1.67,True,0.0,-0.020000000000000018
2025-08-10,2025-08-10 00:00:00,2025-08-10 23:56:00,188,65.27777777777779,20.01276595744681,11.1,32.0,16.04840425531915,10.9,21.6,61.07446808510638,28,93,66.78191489361703,45,92,156.70234042553193,823.9,230.13478723404253,1196.03,415.2061170212766,575.9377127659574,23.42,32.48,1.1854787234042554,3.42,0.6635106382978723,1.42,11.139361702127658,9.534734042553191,6.1,2.4,883.8,1297.96,6.1,2.37,6.1,2.4,False,0.0,-0.029999999999999805
2025-08-11,2025-08-11 00:01:00,2025-08-11 23:56:00,168,58.333333333333336,15.732142857142858,10.0,30.4,14.388690476190478,10.4,21.5,69.51190476190476,31,90,67.94047619047619,49,78,93.47142857142856,806.94,138.4577380952381,1086.28,248.14666666666668,328.17375000000004,12.51,16.54,0.7079166666666667,2.89,0.5571428571428572,1.27,9.51172619047619,8.408988095238096,5.83,1.76,471.1,697.83,5.83,1.7,5.83,1.76,False,0.0,-0.06000000000000005
2025-08-12,2025-08-12 00:02:00,2025-08-12 23:55:00,215,74.65277777777779,18.031627906976745,9.7,30.5,14.861395348837208,10.1,20.2,65.13023255813954,32,92,65.53023255813953,48,82,118.22539534883721,825.02,174.52744186046513,1088.8,314.82,451.2673953488372,20.31,29.11,1.0224651162790699,2.97,0.6319534883720931,1.23,10.201813953488372,8.226651162790699,5.93,2.29,762.55,1125.7,5.93,2.24,5.93,2.29,False,0.0,-0.04999999999999982
2025-08-13,2025-08-13 00:01:00,2025-08-13 23:56:00,279,96.875,14.94695340501792,8.7,23.8,13.490322580645161,9.5,18.6,74.59856630824373,43,93,70.26523297491039,52,83,60.163333333333334,595.31,86.13397849462366,785.42,160.68949820788532,229.7035483870968,13.45,19.23,0.5408243727598566,1.68,0.4825448028673835,1.03,9.997634408602151,8.061648745519713,4.55,1.63,503.57,720.94,4.55,1.56,4.55,1.63,True,0.0,-0.06999999999999984
2025-08-14,2025-08-14 00:01:00,2025-08-14 23:56:00,276,95.83333333333334,17.690579710144927,11.2,31.9,15.592028985507245,11.7,22.4,65.30797101449275,33,93,64.01811594202898,45,81,91.21869565217392,710.92,132.16105072463768,1056.9,243.6347463768116,349.9595652173913,20.17,28.98,0.8959420289855072,3.17,0.6708695652173913,1.49,10.317246376811594,8.65336956521739,6.16,2.26,755.29,1094.29,6.16,2.2,6.16,2.26,True,0.0,-0.05999999999999961
2025-08-15,2025-08-15 00:01:00,2025-08-15 23:56:00,275,95.48611111111111,17.587272727272726,12.0,29.8,15.078181818181818,11.4,20.8,68.3490909090909,33,90,69.70545454545454,50,86,112.50283636363636,779.6,170.5926909090909,1023.28,299.9566909090909,439.1843636363636,24.75,36.23,0.8125090909090908,2.81,0.5524727272727273,1.18,10.939563636363637,9.411490909090908,5.62,2.59,928.15,1407.39,5.62,2.51,5.62,2.59,True,0.0,-0.08000000000000007
2025-08-16,2025-08-16 00:01:00,2025-08-16 23:56:00,280,97.22222222222221,15.852857142857143,10.6,27.7,14.114642857142856,10.9,19.7,74.21785714285714,38,93,71.51071428571429,52,86,62.99714285714286,643.48,87.96242857142857,838.09,168.2579642857143,234.08617857142858,14.13,19.66,0.5790714285714286,2.3,0.4788571428571429,1.08,10.810892857142857,8.938678571428571,5.26,1.78,529.18,738.88,5.26,1.68,5.26,1.78,True,0.0,-0.10000000000000009
2025-08-17,2025-08-17 00:01:00,2025-08-17 23:55:00,279,96.875,17.199283154121865,10.3,29.9,15.012544802867383,10.1,20.5,72.1326164874552,35,96,71.91039426523298,54,92,69.49379928315412,646.87,101.97820788530466,1023.17,185.60985663082437,269.14247311827955,15.54,22.53,0.6913978494623656,2.74,0.5096415770609319,1.05,11.553548387096775,9.82763440860215,5.78,1.77,581.66,853.56,5.78,1.74,5.78,1.77,True,0.0,-0.030000000000000027
2025-08-18,2025-08-18 00:00:00,2025-08-18 23:55:00,244,84.72222222222221,18.070081967213117,11.0,30.6,15.559016393442624,11.1,21.1,66.16803278688525,33,96,67.6188524590164,48,90,106.10643442622951,759.04,165.737131147541,1046.12,283.21504098360657,418.5645081967213,20.73,30.64,0.9767622950819672,2.9,0.6268032786885246,1.27,10.539754098360655,9.28983606557377,5.89,2.3,776.7,1213.2,5.89,2.25,5.89,2.3,True,0.0,-0.04999999999999982
2025-08-19,2025-08-19 00:00:00,2025-08-19 23:50:00,276,95.83333333333334,17.773913043478263,10.4,33.3,15.260144927536233,10.9,22.1,69.21376811594203,27,95,69.64492753623189,48,87,77.80253623188406,697.49,119.6173188405797,1147.9,207.80170289855073,305.2146739130435,17.21,25.27,0.8568115942028985,3.73,0.5786594202898551,1.36,11.14177536231884,9.478478260869565,6.54,2.01,644.21,990.43,6.54,1.95,6.54,2.01,True,0.0,-0.05999999999999983
2025-08-20,2025-08-20 00:00:00,2025-08-20 23:56:00,265,92.01388888888889,18.033584905660376,8.2,35.1,15.269056603773585,8.2,23.3,65.71320754716982,28,95,68.64528301886793,46,94,126.12788679245283,765.24,171.21939622641509,1018.26,336.61822641509434,427.7580377358491,26.76,34.01,1.088867924528302,3.9,0.6358867924528302,1.49,10.288339622641509,9.103509433962264,7.06,2.42,1002.72,1361.19,7.06,2.41,7.06,2.42,True,0.0,-0.009999999999999787
2025-08-21,2025-08-21 00:01:00,2025-08-21 23:55:00,263,91.31944444444444,17.497718631178707,9.5,29.2,15.49125475285171,9.5,21.2,65.25475285171103,32,94,64.95057034220532,48,83,79.64657794676806,673.99,116.18859315589353,970.89,212.7267300380228,308.0713307984791,16.78,24.31,0.9152851711026616,2.71,0.6613307984790875,1.21,9.99958174904943,8.731254752851711,5.7,1.95,628.41,916.73,5.7,1.9,5.7,1.95,True,0.0,-0.050000000000000044
2025-08-22,2025-08-22 00:01:00,2025-08-22 23:56:00,275,95.48611111111111,17.36945454545455,9.3,30.2,14.942545454545455,9.7,22.8,71.33454545454545,30,94,71.84363636363636,45,88,110.9936,770.39,155.8804,1057.84,296.24185454545454,401.4402181818182,24.44,33.12,0.8296363636363636,2.92,0.5387636363636363,1.47,11.074363636363636,9.588618181818182,5.93,2.4,915.7,1286.01,5.93,2.3,5.93,2.4,True,0.0,-0.10000000000000009
2025-08-23,2025-08-23 00:01:00,2025-08-23 23:55:00,282,97.91666666666666,17.71418439716312,10.6,30.0,15.49255319148936,11.5,21.1,67.28368794326241,31,94,67.44326241134752,49,89,82.6058865248227,673.91,118.39578014184397,971.69,220.6308865248227,312.1108865248227,18.67,26.4,0.8552836879432624,2.89,0.6147517730496455,1.25,10.694929078014184,9.237624113475178,5.79,2.06,698.85,1001.63,5.79,2.0,5.79,2.06,True,0.0,-0.06000000000000005
2025-08-24,2025-08-24 00:00:00,2025-08-24 23:55:00,276,95.83333333333334,18.25072463768116,7.8,33.7,15.080072463768117,8.5,21.2,63.528985507246375,26,95,65.28985507246377,45,90,121.72836956521739,722.46,181.1159420289855,1132.75,325.1225,467.44695652173914,26.92,38.7,1.157572463768116,3.87,0.6671739130434783,1.38,9.670289855072463,8.253804347826087,6.79,2.6,1007.91,1499.64,6.79,2.55,6.79,2.6,True,0.0,-0.050000000000000266
2025-08-25,2025-08-25 00:00:00,2025-08-25 23:56:00,277,96.18055555555556,16.833212996389893,10.4,27.2,14.408664259927797,10.5,18.3,68.59927797833934,40,94,69.13357400722022,55,85,80.05429602888087,657.67,118.86010830324909,1050.62,213.81595667870036,310.873357400722,17.77,25.83,0.7500722021660651,2.16,0.5303610108303249,0.93,10.372527075812275,8.684657039711192,5.19,1.96,665.25,987.73,5.19,1.92,5.19,1.96,True,0.0,-0.040000000000000036
2025-08-26,2025-08-26 00:06:00,2025-08-26 23:55:00,277,96.18055555555556,15.730685920577615,10.3,28.8,14.300361010830324,10.7,19.8,70.43682310469315,35,93,69.42238267148015,56,81,70.93469314079422,743.01,96.83696750902527,711.03,189.45848375451263,258.64050541516247,15.74,21.49,0.6441155234657039,2.57,0.5157400722021661,1.01,9.877581227436824,8.7014440433213,5.56,1.79,589.47,804.72,5.56,1.74,5.56,1.79,True,0.0,-0.050000000000000044
2025-08-27,2025-08-27 00:00:00,2025-08-27 23:50:00,280,97.22222222222221,16.256071428571428,11.4,28.4,14.30107142857143,11.8,19.6,69.90714285714286,36,90,71.21428571428571,52,84,86.89046428571429,830.12,128.55985714285714,1120.38,230.79760714285715,325.5823571428571,19.39,27.35,0.6794285714285715,2.44,0.48707142857142854,1.07,10.278321428571427,9.070964285714286,5.38,2.09,729.88,1079.9,5.38,2.07,5.38,2.09,True,0.0,-0.020000000000000018
2025-08-28,2025-08-28 00:05:00,2025-08-28 23:56:00,274,95.13888888888889,15.9992700729927,9.7,25.6,14.402189781021898,10.9,17.5,64.97445255474453,37,84,66.2992700729927,56,77,76.80175182481752,772.78,114.59883211678832,1045.49,204.8951094890511,298.7991605839416,16.84,24.56,0.7335766423357665,2.06,0.5611678832116788,0.86,8.97970802919708,8.154890510948904,4.89,2.08,631.31,942.0,4.89,2.0,4.89,2.08,True,0.0,-0.08000000000000007
2025-08-29,2025-08-29 00:01:00,2025-08-29 22:15:00,259,89.93055555555556,16.73822393822394,8.0,32.0,14.614285714285714,9.7,21.1,64.25096525096525,26,92,64.23552123552123,45,85,85.77320463320463,695.13,129.133166023166,972.42,229.09034749034748,338.6581853281853,17.8,26.31,0.9055212355212355,3.52,0.6387258687258688,1.27,8.965019305019306,7.7106949806949805,6.42,2.04,666.46,1003.36,6.42,1.99,6.42,2.04,True,0.0,-0.050000000000000044
2025-08-30,2025-08-30 01:31:00,2025-08-30 23:55:00,261,90.625,20.159386973180077,8.8,35.4,15.763601532567051,8.7,21.9,62.6551724137931,22,94,67.46743295019157,41,92,148.90536398467435,734.5,223.04402298850573,1161.65,397.7095402298851,548.6629885057472,31.14,42.96,1.3747509578544062,4.37,0.6654022988505747,1.5,10.993180076628352,9.25697318007663,7.13,2.9,1165.93,1746.43,7.13,2.82,7.13,2.9,True,0.0,-0.08000000000000007
2025-08-31,2025-08-31 00:00:00,2025-08-31 23:56:00,277,96.18055555555556,19.100722021660648,11.2,30.9,15.444765342960288,10.5,20.5,64.67509025270758,32,93,70.17328519855596,53,91,106.33,848.03,158.3767870036101,1201.32,282.4064259927798,402.9632490974729,23.47,33.49,1.0275451263537907,3.04,0.568014440433213,1.11,11.309819494584838,9.806317689530685,5.98,2.36,883.6,1316.11,5.98,2.32,5.98,2.36,True,0.0,-0.040000000000000036
2025-09-01,2025-09-01 00:01:00,2025-09-01 23:56:00,279,96.875,16.0584229390681,9.0,26.9,14.244086021505376,9.2,19.3,71.54121863799283,39,93,71.49820788530467,53,87,63.30354838709677,452.2,94.46534050179213,810.58,169.07652329749104,251.71498207885304,14.15,21.07,0.6668817204301075,2.16,0.4926523297491039,1.05,10.298924731182796,9.020967741935484,5.25,1.65,529.85,790.67,5.25,1.62,5.25,1.65,True,0.0,-0.029999999999999805
2025-09-02,2025-09-02 00:01:00,2025-09-02 23:55:00,281,97.56944444444444,17.591103202846977,9.8,31.8,14.927402135231318,10.8,20.5,67.54448398576513,30,93,69.65124555160142,53,90,107.97227758007116,843.07,158.39099644128115,1107.68,287.4855871886121,399.30576512455514,24.24,33.66,0.8942704626334519,3.29,0.5555160142348754,1.1,10.50017793594306,9.226405693950177,6.28,2.36,910.21,1335.24,6.28,2.31,6.28,2.36,True,0.0,-0.04999999999999982
2025-09-03,2025-09-03 00:00:00,2025-09-03 23:56:00,278,96.52777777777779,17.264028776978417,8.5,32.0,14.800359712230216,8.8,21.5,66.88489208633094,28,95,69.39568345323741,50,87,94.30780575539568,754.77,151.38255395683453,1465.32,251.80985611510792,378.57122302158274,21.0,31.57,0.9126258992805756,3.42,0.5707553956834532,1.27,9.982589928057553,9.00654676258993,6.4,2.24,786.53,1262.53,6.4,2.22,6.4,2.24,True,0.0,-0.020000000000000018
2025-09-04,2025-09-04 00:01:00,2025-09-04 23:56:00,274,95.13888888888889,17.264233576642333,11.2,30.3,14.447080291970803,10.3,19.4,68.78467153284672,34,91,70.98540145985402,52,90,89.12076642335767,743.61,145.50087591240876,1162.59,238.03127737226276,371.8627737226277,19.57,30.57,0.7997810218978103,2.85,0.5104014598540145,1.07,10.71492700729927,9.066751824817517,5.91,2.14,732.57,1196.02,5.91,2.09,5.91,2.14,True,0.0,-0.050000000000000266
2025-09-05,2025-09-05 00:01:00,2025-09-05 20:56:00,242,84.02777777777779,18.06280991735537,11.2,30.0,15.12685950413223,11.3,21.3,67.56198347107438,33,95,71.4297520661157,55,88,108.20739669421486,796.34,159.01252066115703,1059.42,288.48499999999996,405.325,20.94,29.43,0.8473140495867769,2.76,0.5216942148760331,1.14,11.174752066115703,9.838471074380164,5.84,2.16,785.59,1154.43,5.84,2.14,5.84,2.16,True,0.0,-0.020000000000000018
2025-09-06,2025-09-06 00:11:00,2025-09-06 10:41:00,114,39.58333333333333,14.071052631578947,10.8,24.0,12.917543859649122,11.0,17.9,81.21929824561404,44,94,76.93859649122807,58,86,36.215,217.46,56.28578947368421,366.55,96.72631578947367,150.33289473684212,3.31,5.14,0.3705263157894737,1.67,0.36087719298245613,0.86,10.575526315789473,8.873771929824562,4.48,0.85,123.86,192.5,4.48,0.85,4.48,0.85,False,0.0,0.0
2025-09-07,2025-09-07 06:06:00,2025-09-07 23:56:00,205,71.18055555555556,18.878536585365854,11.8,30.8,15.30439024390244,11.8,20.8,65.54634146341463,28,90,72.92682926829268,50,86,110.92136585365854,771.77,164.28478048780485,1062.52,295.9591219512195,420.163512195122,18.2,25.84,0.9431219512195123,3.2,0.5108780487804878,1.21,11.399902439024391,10.239658536585367,5.97,2.17,682.17,1010.35,5.97,1.99,5.97,2.17,False,0.0,-0.17999999999999994
2025-09-08,2025-09-08 00:01:00,2025-09-08 23:55:00,281,97.56944444444444,17.48861209964413,11.0,31.3,15.053736654804272,11.1,20.9,65.94306049822065,30,92,67.99644128113879,52,85,79.09021352313167,635.86,121.30950177935944,1021.07,211.24106761565835,315.04875444839854,17.81,26.56,0.8931672597864768,3.2,0.5825978647686832,1.14,10.119074733096086,9.023701067615658,6.15,2.08,666.73,1022.64,6.15,2.02,6.15,2.08,True,0.0,-0.06000000000000005
2025-09-09,2025-09-09 00:00:00,2025-09-09 23:55:00,278,96.52777777777779,17.04820143884892,8.9,29.1,14.938489208633092,9.3,20.2,65.57913669064749,33,93,68.22302158273381,52,89,66.69510791366908,570.06,101.87158273381294,800.19,178.135,271.0643884892086,14.86,22.61,0.8530575539568346,2.7,0.5789208633093526,1.11,9.739892086330935,8.927985611510792,5.79,1.85,556.24,849.61,5.79,1.81,5.79,1.85,True,0.0,-0.040000000000000036
2025-09-10,2025-09-10 00:06:00,2025-09-10 23:51:00,278,96.52777777777779,16.891726618705036,10.0,28.1,15.295683453237409,11.2,19.3,65.51079136690647,33,91,66.86690647482014,53,79,63.259496402877694,681.94,92.11212230215828,747.78,168.95866906474822,246.02107913669064,14.09,20.52,0.8129496402877698,2.49,0.5979856115107914,1.05,9.71359712230216,9.077482014388488,5.49,1.79,527.58,768.22,5.49,1.72,5.49,1.79,True,0.0,-0.07000000000000006
2025-09-11,2025-09-11 00:01:00,2025-09-11 23:56:00,242,84.02777777777779,19.801239669421488,10.8,34.3,16.222314049586778,12.2,21.5,56.64876033057851,26,89,62.64876033057851,49,77,146.92553719008265,689.3,214.9428512396694,1060.0,392.42136363636365,541.5704958677686,28.49,39.32,1.3420661157024791,4.0,0.7255785123966942,1.31,9.47702479338843,8.892685950413224,6.85,2.89,1066.68,1560.49,6.85,2.83,6.85,2.89,True,0.0,-0.06000000000000005
2025-09-12,2025-09-12 00:00:00,2025-09-12 22:41:00,228,79.16666666666666,18.226315789473684,9.2,33.0,15.363157894736842,10.0,21.2,63.175438596491226,24,93,66.93859649122807,46,83,109.40951754385965,685.52,166.1157456140351,1031.63,292.22052631578947,421.2440789473684,19.99,28.81,1.0914912280701754,3.77,0.6352192982456141,1.36,9.68951754385965,8.95548245614035,6.64,2.24,748.36,1136.23,6.64,2.15,6.64,2.24,False,0.0,-0.0900000000000003
2025-09-13,2025-09-13 05:06:00,2025-09-13 23:51:00,215,74.65277777777779,19.064651162790696,8.7,31.4,15.966046511627907,10.2,21.8,53.35813953488372,24,89,58.19069767441861,44,78,121.75762790697674,762.5,186.0460465116279,1015.23,325.0306046511628,473.242511627907,20.96,30.52,1.304046511627907,3.49,0.7980465116279071,1.46,8.097906976744186,7.565348837209302,6.31,2.58,785.34,1200.0,6.31,2.38,6.31,2.58,False,0.0,-0.20000000000000018
2025-09-14,2025-09-14 00:01:00,2025-09-14 23:55:00,243,84.375,15.911522633744855,7.2,26.7,13.863374485596708,7.8,19.4,64.29629629629629,36,93,68.0246913580247,53,89,77.9379012345679,611.67,123.31320987654321,970.32,208.16325102880657,323.1753497942387,15.18,23.56,0.841358024691358,2.24,0.5531275720164609,1.04,8.246625514403293,7.8496296296296295,5.36,1.81,568.17,898.95,5.36,1.78,5.36,1.81,True,0.0,-0.030000000000000027
2025-09-15,2025-09-15 00:00:00,2025-09-15 23:01:00,233,80.90277777777779,19.053648068669528,12.3,30.5,15.31587982832618,11.2,20.2,60.24034334763949,31,91,69.17596566523605,54,91,114.45055793991416,731.33,173.09836909871242,1199.83,305.6845064377683,435.5807725321888,21.37,30.45,1.056952789699571,3.01,0.567167381974249,1.02,10.351416309012876,9.52137339055794,5.85,2.27,800.01,1209.96,5.85,2.22,5.85,2.27,True,0.0,-0.04999999999999982
2025-09-16,2025-09-16 02:16:00,2025-09-16 21:01:00,153,53.125,16.34575163398693,8.3,30.5,14.47124183006536,8.9,21.1,65.44444444444444,27,92,67.05882352941177,47,86,53.45777777777778,314.47,90.71973856209151,510.69,142.779477124183,242.30202614379084,6.55,11.12,0.9160130718954249,3.19,0.6052287581699346,1.33,8.593986928104574,8.108300653594771,6.12,1.28,245.37,416.4,6.12,1.25,6.12,1.28,False,0.0,-0.030000000000000027
2025-09-17,2025-09-17 00:21:00,2025-09-17 21:56:00,221,76.73611111111111,17.289592760180994,8.4,30.0,14.648868778280544,8.8,21.6,66.13122171945702,30,92,69.62443438914028,51,86,77.53778280542986,467.95,119.17601809954752,679.5,207.09447963800903,318.3057466063349,13.73,21.1,0.9376018099547512,2.94,0.5593665158371041,1.24,9.750497737556561,8.928099547511312,6.0,1.77,514.08,790.14,6.0,1.72,6.0,1.77,False,0.0,-0.050000000000000044
2025-09-23,2025-09-23 11:10:00,2025-09-23 23:58:00,152,52.77777777777778,19.92105263157895,12.3,31.9,16.451315789473682,12.7,22.2,53.66447368421053,28,75,63.05263157894737,48,74,83.87710526315789,849.52,127.62302631578947,1128.13,220.6811842105263,326.7708552631579,10.06,14.9,1.26375,3.4,0.7088815789473685,1.36,9.549276315789474,9.325592105263159,6.19,2.27,382.48,581.96,6.19,1.84,6.19,2.27,False,0.0,-0.42999999999999994
2025-09-24,2025-09-24 00:06:00,2025-09-24 23:55:00,282,97.91666666666666,18.373758865248227,11.6,31.1,15.670212765957446,12.1,21.2,58.801418439716315,28,87,64.33687943262412,49,78,107.43854609929078,864.03,158.75375886524822,1022.4,283.70514184397166,402.1100354609929,24.0,34.02,1.0817730496453901,3.25,0.6637234042553191,1.28,9.24709219858156,8.836737588652483,6.06,2.54,908.93,1343.06,6.06,2.49,6.06,2.54,True,0.0,-0.04999999999999982
2025-09-25,2025-09-25 00:00:00,2025-09-25 23:56:00,274,95.13888888888889,19.762408759124085,9.8,34.0,15.819708029197082,11.1,21.2,53.21167883211679,20,87,59.72627737226277,36,80,136.22948905109487,693.47,210.29890510948906,1084.17,363.85346715328467,539.8244890510949,29.91,44.37,1.4881386861313868,4.15,0.7778832116788321,1.56,8.116423357664234,7.654963503649635,6.85,2.98,1119.81,1728.66,6.85,2.87,6.85,2.98,True,0.0,-0.10999999999999988
2025-09-26,2025-09-26 00:01:00,2025-09-26 23:56:00,282,97.91666666666666,17.795035460992906,7.7,35.9,15.079787234042554,8.1,22.4,58.07446808510638,22,89,63.840425531914896,44,85,94.89485815602836,854.14,139.9355319148936,1029.32,251.74386524822697,364.0501773049645,21.3,30.8,1.1605673758865247,4.61,0.6831560283687943,1.49,8.146560283687943,8.005035460992907,7.36,2.31,802.81,1183.85,7.36,2.29,7.36,2.31,True,0.0,-0.020000000000000018
2025-09-27,2025-09-27 00:01:00,2025-09-27 23:55:00,285,98.95833333333334,18.812280701754386,10.8,33.9,15.94140350877193,12.1,21.6,60.65263157894737,24,86,66.6842105263158,46,80,73.46877192982456,598.4,114.93484210526316,894.14,196.22677192982457,303.97950877192983,16.78,25.99,1.1014736842105264,4.02,0.6441052631578947,1.39,9.948421052631579,9.52978947368421,6.74,2.1,628.16,982.69,6.74,2.0,6.74,2.1,True,0.0,-0.10000000000000009
2025-09-28,2025-09-28 00:00:00,2025-09-28 23:55:00,285,98.95833333333334,18.500701754385965,9.5,34.5,15.434736842105261,9.9,21.7,61.294736842105266,22,91,66.43859649122807,43,88,78.24575438596491,359.98,127.69670175438596,604.55,208.9855438596491,341.06350877192983,17.87,29.16,1.1310526315789475,4.27,0.6449473684210526,1.48,9.530350877192983,8.917719298245615,6.95,2.16,669.0,1091.81,6.95,2.11,6.95,2.16,True,0.0,-0.050000000000000266
2025-09-29,2025-09-29 00:00:00,2025-09-29 23:56:00,285,98.95833333333334,17.6740350877193,13.0,30.8,15.87859649122807,12.6,21.6,62.91929824561404,27,83,66.17543859649123,48,79,47.22877192982456,600.85,76.04385964912281,1083.56,126.14266666666668,197.99635087719298,10.79,16.93,0.8544912280701754,3.24,0.624,1.32,10.04880701754386,9.500350877192982,5.84,1.75,403.81,650.18,5.84,1.67,5.84,1.75,True,0.0,-0.08000000000000007
2025-09-30,2025-09-30 00:01:00,2025-09-30 23:56:00,285,98.95833333333334,17.01298245614035,13.0,29.1,13.917192982456141,11.2,20.3,71.7578947368421,35,87,79.46666666666667,56,90,52.743614035087724,392.99,84.11266666666667,707.7,140.8720350877193,224.65522807017544,12.04,19.21,0.647298245614035,2.58,0.3476842105263158,1.02,11.454245614035088,10.316280701754385,5.43,1.53,450.96,719.16,5.43,1.51,5.43,1.53,True,0.0,-0.020000000000000018
2025-10-01,2025-10-01 00:01:00,2025-10-01 23:56:00,281,97.56944444444444,17.5,10.6,30.5,14.967615658362988,10.5,19.6,64.14946619217082,30,92,70.95373665480427,54,90,62.827295373665486,462.8,98.78505338078291,766.95,167.8046975088968,263.67117437722425,14.15,22.23,0.881779359430605,3.06,0.5300355871886121,1.0,9.84914590747331,9.545231316725978,5.95,1.77,529.63,832.76,5.95,1.74,5.95,1.77,True,0.0,-0.030000000000000027
2025-10-02,2025-10-02 00:01:00,2025-10-02 23:56:00,284,98.61111111111111,19.295774647887324,9.7,33.2,15.663028169014085,9.7,21.8,58.517605633802816,24,91,66.18661971830986,44,89,98.72352112676056,866.75,133.36890845070423,1047.92,260.58609154929576,353.0420422535211,22.2,30.08,1.2717253521126761,3.82,0.670774647887324,1.46,9.385352112676056,8.981056338028168,6.61,2.17,841.12,1136.3,6.61,2.11,6.61,2.17,True,0.0,-0.06000000000000005
2025-10-03,2025-10-03 00:01:00,2025-10-03 23:56:00,282,97.91666666666666,17.74113475177305,10.4,29.9,14.76241134751773,10.8,20.9,64.48226950354609,29,88,70.60283687943263,52,90,65.90578014184398,440.41,106.75574468085107,913.72,176.0268439716312,283.5704964539007,14.89,23.99,0.925212765957447,3.0,0.5321631205673759,1.16,9.970531914893618,9.247127659574469,5.81,1.89,557.56,903.15,5.81,1.84,5.81,1.89,True,0.0,-0.04999999999999982
2025-10-04,2025-10-04 00:01:00,2025-10-04 23:56:00,282,97.91666666666666,18.687234042553193,9.1,33.8,15.15,9.2,22.0,59.87234042553192,22,93,67.8936170212766,45,90,93.6540780141844,701.63,141.97556737588653,865.79,250.13932624113474,374.17358156028365,21.16,31.66,1.197872340425532,4.1,0.6239007092198582,1.4,9.291524822695036,8.902836879432623,6.75,2.21,792.31,1201.11,6.75,2.19,6.75,2.21,True,0.0,-0.020000000000000018
2025-10-05,2025-10-05 00:01:00,2025-10-05 23:55:00,286,99.30555555555556,18.10874125874126,9.5,31.3,15.004895104895104,9.8,20.8,60.97552447552447,29,89,67.56293706293707,52,86,74.32013986013986,681.36,114.26916083916083,942.46,198.50073426573425,300.91202797202794,17.03,25.82,1.0546853146853146,3.24,0.5896853146853147,1.18,9.383181818181818,8.871083916083917,6.17,2.0,637.67,980.43,6.17,1.9,6.17,2.0,True,0.0,-0.10000000000000009
2025-10-06,2025-10-06 00:00:00,2025-10-06 23:55:00,285,98.95833333333334,17.002456140350876,8.4,31.4,14.196140350877194,8.2,21.2,66.87368421052632,27,89,74.43508771929825,50,94,62.39178947368421,687.05,100.99161403508772,888.02,166.64157894736843,268.432701754386,14.25,22.95,0.9051929824561404,3.34,0.47768421052631577,1.26,9.688526315789474,9.402666666666667,6.25,1.74,533.45,863.48,6.25,1.71,6.25,1.74,True,0.0,-0.030000000000000027
2025-10-07,2025-10-07 00:01:00,2025-10-07 23:52:00,284,98.61111111111111,18.16760563380282,10.1,32.6,14.427464788732394,9.1,20.7,66.12676056338029,30,91,75.48239436619718,52,92,75.66894366197182,826.25,114.56792253521127,1035.44,201.3748943661972,298.9986971830986,17.16,25.47,1.0011619718309859,3.44,0.45584507042253525,1.13,10.533908450704226,9.899471830985915,6.4,1.91,644.7,976.12,6.4,1.84,6.4,1.91,True,0.0,-0.06999999999999984
2025-10-08,2025-10-08 00:01:00,2025-10-08 23:55:00,282,97.91666666666666,16.549290780141842,10.3,30.3,14.09822695035461,10.3,20.1,68.59574468085107,29,92,73.33333333333333,51,91,57.13485815602837,748.75,91.52758865248227,921.87,152.60067375886524,242.8206737588652,12.91,20.54,0.8410992907801418,3.01,0.4765957446808511,1.11,9.621134751773049,9.12776595744681,5.87,1.65,483.36,774.32,5.87,1.61,5.87,1.65,True,0.0,-0.039999999999999813
2025-10-09,2025-10-09 00:00:00,2025-10-09 23:55:00,282,97.91666666666666,18.140780141843972,9.6,35.5,15.074468085106384,9.6,22.4,65.02482269503547,25,92,70.41489361702128,51,89,64.66882978723405,526.29,107.41209219858156,972.81,172.72290780141844,284.4051063829787,14.61,24.06,1.035567375886525,4.33,0.557695035460993,1.28,10.213262411347518,9.495992907801417,7.06,1.91,547.1,908.71,7.06,1.87,7.06,1.91,True,0.0,-0.039999999999999813
2025-10-10,2025-10-10 00:01:00,2025-10-10 23:55:00,284,98.61111111111111,18.120774647887323,11.6,31.2,15.316549295774646,11.3,20.8,65.33802816901408,28,89,71.85211267605634,50,87,58.399084507042254,494.04,91.9061971830986,785.28,155.97725352112676,245.1282394366197,13.29,20.88,0.9038732394366197,3.25,0.5211267605633803,1.23,10.705774647887324,10.103978873239438,6.01,1.82,497.56,783.04,6.01,1.75,6.01,1.82,True,0.0,-0.07000000000000006
2025-10-11,2025-10-11 00:00:00,2025-10-11 23:55:00,284,98.61111111111111,17.520422535211267,12.9,30.4,14.262676056338028,12.1,20.7,73.0,35,91,82.27112676056338,57,94,56.91954225352112,548.57,92.14595070422536,937.32,152.02573943661972,237.77767605633804,12.95,20.26,0.6632394366197184,2.82,0.31084507042253523,0.98,12.084401408450704,11.142007042253521,5.72,1.65,484.95,785.08,5.72,1.59,5.72,1.65,True,0.0,-0.05999999999999983
2025-10-12,2025-10-12 00:00:00,2025-10-12 23:55:00,282,97.91666666666666,18.26808510638298,13.1,30.0,14.452127659574469,11.7,20.2,69.61702127659575,34,90,80.18794326241135,54,93,69.20382978723404,584.55,110.45003546099291,1013.59,184.83574468085106,290.81698581560283,15.64,24.6,0.8077304964539007,2.78,0.35329787234042553,1.09,11.908156028368793,10.929964539007091,5.59,1.81,585.46,934.41,5.59,1.79,5.59,1.81,True,0.0,-0.020000000000000018
2025-10-13,2025-10-13 00:00:00,2025-10-13 23:56:00,282,97.91666666666666,18.128723404255318,12.3,31.3,14.187588652482269,11.0,20.6,66.56028368794327,28,89,76.95035460992908,52,94,80.35783687943263,844.96,129.58787234042552,974.36,213.53599290780141,339.92602836879433,18.07,28.76,0.9271276595744681,3.25,0.41734042553191486,1.09,10.770248226950354,9.930035460992908,5.95,2.16,679.83,1096.31,5.95,2.03,5.95,2.16,True,0.0,-0.13000000000000034
2025-10-14,2025-10-14 00:03:00,2025-10-14 23:56:00,283,98.26388888888889,15.876678445229683,10.1,26.9,13.585159010600707,9.8,19.1,68.34275618374558,32,91,73.28621908127208,52,92,47.296431095406355,353.49,75.01985865724382,936.94,126.32349823321556,198.59402826855123,10.72,16.86,0.7185512367491166,2.41,0.45385159010600706,1.05,9.27696113074205,8.650424028268551,5.13,1.52,401.55,636.92,5.13,1.45,5.13,1.52,True,0.0,-0.07000000000000006
2025-10-15,2025-10-15 00:01:00,2025-10-15 23:55:00,282,97.91666666666666,17.938652482269504,7.5,35.1,14.420921985815601,7.3,22.3,64.60992907801419,23,92,74.90425531914893,46,95,98.4104609929078,895.84,154.71854609929076,1165.75,258.4841843971631,388.4914184397163,21.87,32.87,1.054468085106383,4.33,0.48326241134751774,1.44,9.931170212765958,9.704078014184399,7.06,2.31,832.55,1308.92,7.06,2.27,7.06,2.31,True,0.0,-0.040000000000000036
2025-10-16,2025-10-16 00:00:00,2025-10-16 23:56:00,284,98.61111111111111,18.979577464788733,12.2,34.5,14.821830985915492,10.4,20.8,65.6443661971831,26,89,76.6443661971831,53,93,81.74468309859155,697.13,130.30570422535212,922.8,218.33063380281692,343.4939084507042,18.6,29.27,1.0363732394366196,4.05,0.4355281690140845,1.08,11.237394366197183,10.556549295774648,6.66,2.11,696.46,1110.2,6.66,2.04,6.66,2.11,True,0.0,-0.06999999999999984
2025-10-17,2025-10-17 00:01:00,2025-10-17 23:55:00,284,98.61111111111111,17.60387323943662,11.0,32.7,14.60387323943662,10.5,20.2,70.3556338028169,26,91,77.56338028169014,52,91,52.512394366197185,720.62,83.26809859154929,1099.12,140.25450704225352,217.51260563380282,11.95,18.53,0.7564788732394366,3.66,0.39901408450704223,1.11,11.437007042253521,10.578345070422536,6.33,1.58,447.41,709.44,6.33,1.54,6.33,1.58,True,0.0,-0.040000000000000036
2025-10-18,2025-10-18 00:00:00,2025-10-18 23:55:00,284,98.61111111111111,18.0943661971831,10.0,30.9,14.415492957746478,9.9,20.3,65.94718309859155,30,89,75.08098591549296,55,93,70.42235915492958,592.14,110.4644014084507,859.03,188.0899647887324,294.0012676056338,16.03,25.05,0.9874295774647888,3.13,0.45566901408450705,1.05,10.455915492957747,9.829014084507042,5.97,1.83,600.0,941.16,5.97,1.78,5.97,1.83,True,0.0,-0.050000000000000044
2025-10-19,2025-10-19 00:00:00,2025-10-19 23:55:00,283,98.26388888888889,17.463250883392227,8.5,29.7,14.335335689045937,8.5,19.7,62.33922261484099,29,92,69.92579505300354,51,93,68.36197879858656,423.02,117.85459363957597,739.16,182.58727915194345,314.7759010600707,15.5,26.72,1.0631802120141343,2.89,0.5501766784452297,1.1,8.805971731448764,8.614664310954064,5.8,1.92,580.39,1000.59,5.8,1.88,5.8,1.92,True,0.0,-0.040000000000000036
2025-10-20,2025-10-20 00:00:00,2025-10-20 23:55:00,283,98.26388888888889,17.334982332155477,10.2,29.4,14.881272084805653,10.8,20.8,66.37455830388693,31,88,71.24734982332156,51,87,55.25883392226148,816.36,89.20303886925795,945.34,146.95279151943464,236.3964664310954,12.48,20.07,0.885547703180212,2.75,0.5255477031802119,1.15,10.061802120141342,9.546254416961132,5.61,1.66,469.15,757.33,5.61,1.62,5.61,1.66,True,0.0,-0.039999999999999813
2025-10-21,2025-10-21 00:00:00,2025-10-21 23:55:00,283,98.26388888888889,17.280212014134275,9.0,29.4,14.619787985865724,8.9,20.2,69.31802120141343,30,93,76.53710247349824,54,92,52.737738515901064,341.43,88.45522968197879,558.9,140.8565371024735,236.25381625441696,11.96,20.06,0.8209540636042403,2.87,0.4388339222614841,1.07,10.711590106007067,10.311448763250883,5.67,1.63,447.74,750.98,5.67,1.57,5.67,1.63,True,0.0,-0.05999999999999983
2025-10-22,2025-10-22 00:00:00,2025-10-22 23:56:00,285,98.95833333333334,17.368070175438596,11.3,33.1,14.546315789473683,10.8,22.5,73.32280701754387,26,92,80.0701754385965,50,92,56.61585964912281,737.0,94.51449122807018,905.3,151.21456140350878,249.35185964912282,12.93,21.32,0.7470877192982456,3.74,0.36940350877192984,1.36,11.68361403508772,10.957263157894737,6.33,1.79,484.07,808.1,6.33,1.68,6.33,1.79,True,0.0,-0.1100000000000001
2025-10-23,2025-10-23 00:01:00,2025-10-23 23:55:00,283,98.26388888888889,17.375265017667843,8.4,36.2,13.722614840989399,8.4,22.4,71.62897526501767,25,93,82.93639575971731,52,95,67.5747703180212,653.44,110.47056537102475,842.05,180.4843816254417,294.08565371024736,15.32,24.97,0.8642402826855125,4.5,0.32530035335689045,1.27,11.11791519434629,10.614346289752651,7.15,1.78,573.71,937.9,7.15,1.75,7.15,1.78,True,0.0,-0.030000000000000027
2025-10-24,2025-10-24 00:00:00,2025-10-24 23:59:00,285,98.95833333333334,20.704210526315787,12.0,37.9,15.759649122807017,10.9,22.9,62.40701754385965,22,91,74.83859649122807,47,95,116.32943859649123,809.11,171.3718947368421,1068.77,309.86971929824557,428.8977894736842,26.49,36.67,1.3909122807017544,5.14,0.5294035087719298,1.46,11.491298245614034,10.908315789473685,7.36,2.52,994.62,1465.23,7.36,2.49,7.36,2.52,True,0.0,-0.029999999999999805
2025-10-25,2025-10-25 00:05:00,2025-10-25 23:56:00,280,97.22222222222221,17.426785714285714,11.3,27.6,14.834285714285716,11.3,19.9,72.47857142857143,39,89,78.15714285714286,58,92,42.36689285714286,489.55,65.73314285714285,665.27,113.15707142857143,175.56571428571428,9.51,14.75,0.6717142857142857,2.18,0.3959285714285714,0.98,11.891357142857142,10.92382142857143,5.07,1.4,355.88,552.16,5.07,1.33,5.07,1.4,True,0.0,-0.06999999999999984
2025-10-26,2025-10-26 00:01:00,2025-10-26 22:25:00,267,92.70833333333334,19.152059925093635,12.9,30.6,16.319101123595505,12.2,21.8,66.76779026217228,33,93,73.90636704119851,51,93,62.196741573033705,798.62,97.53730337078652,1067.28,165.62187265917603,257.2021722846442,13.27,20.6,0.9504119850187266,2.94,0.5348314606741573,1.22,11.890936329588015,11.364307116104868,5.59,1.74,498.2,781.27,5.59,1.72,5.59,1.74,True,0.0,-0.020000000000000018
2025-10-30,2025-10-30 11:20:00,2025-10-30 23:55:00,151,52.43055555555556,19.874834437086093,12.4,36.4,16.848344370860925,12.9,23.0,59.58940397350993,21,86,65.90728476821192,44,80,65.0874834437086,402.07,116.11099337748344,837.96,173.84132450331126,308.5426490066225,7.88,13.98,1.2528476821192054,4.72,0.6956291390728477,1.57,10.488675496688742,10.232317880794701,6.96,2.18,294.85,525.98,6.96,1.59,6.96,2.18,False,0.0,-0.5900000000000001
2025-10-31,2025-10-31 00:00:00,2025-10-31 23:56:00,287,99.65277777777779,16.530662020905925,10.1,26.9,14.498606271777005,10.1,18.6,69.88153310104529,38,91,73.36236933797909,55,88,41.714773519163764,290.47,68.93341463414635,410.16,111.41543554006968,184.11317073170733,9.59,15.85,0.7136236933797909,2.16,0.46853658536585363,0.95,10.335331010452961,9.634006968641115,5.01,1.47,359.16,593.52,5.01,1.38,5.01,1.47,True,0.0,-0.09000000000000008
2025-11-01,2025-11-01 00:01:00,2025-11-01 23:55:00,285,98.95833333333334,17.493684210526315,7.9,33.8,14.90280701754386,8.0,21.3,63.22456140350877,25,92,69.89473684210526,50,94,65.82214035087719,413.83,118.82736842105264,846.05,175.80343859649125,315.6155087719298,15.03,26.99,1.0818947368421052,3.95,0.582140350877193,1.2,9.051894736842105,9.12680701754386,6.6,1.96,562.78,1015.97,6.6,1.95,6.6,1.96,True,0.0,-0.010000000000000009
2025-11-02,2025-11-02 00:00:00,2025-11-02 23:55:00,286,99.30555555555556,18.50944055944056,10.1,34.1,15.624125874125873,11.2,22.2,61.61538461538461,26,90,67.64335664335664,48,84,75.30674825174825,727.23,120.66003496503495,1014.66,201.13562937062937,313.62905594405595,17.26,26.91,1.133986013986014,3.9,0.6160489510489511,1.29,9.757552447552447,9.472727272727273,6.55,2.19,646.13,1035.26,6.55,2.12,6.55,2.19,True,0.0,-0.06999999999999984
2025-11-03,2025-11-03 00:00:00,2025-11-03 23:55:00,283,98.26388888888889,18.032155477031804,10.5,34.4,15.268197879858656,11.0,22.6,69.62190812720848,26,91,75.96466431095406,49,92,60.40272084805654,621.62,98.14197879858658,869.46,161.32890459363958,259.2267137809187,13.7,22.01,0.8780565371024736,4.02,0.4629328621908127,1.4,11.34356890459364,10.811342756183747,6.58,1.81,512.82,833.23,6.58,1.75,6.58,1.81,True,0.0,-0.06000000000000005
2025-11-04,2025-11-04 00:00:00,2025-11-04 23:56:00,283,98.26388888888889,17.986925795053004,9.8,36.9,15.001060070671379,9.3,22.3,68.886925795053,21,92,75.39929328621908,45,91,80.35448763250884,654.81,127.4813074204947,837.73,214.6177738515901,336.4620141342756,18.22,28.57,0.9795406360424027,4.87,0.47247349823321555,1.46,10.969187279151944,10.451766784452296,7.16,2.1,682.21,1082.32,7.16,2.01,7.16,2.1,True,0.0,-0.0900000000000003
2025-11-05,2025-11-05 00:01:00,2025-11-05 23:56:00,277,96.18055555555556,17.682671480144407,9.0,31.7,14.552707581227436,9.2,21.2,68.11552346570397,25,91,75.50180505415162,46,93,65.75447653429603,425.45,114.11898916967509,592.19,175.62270758122742,304.7988086642599,14.59,25.33,0.9822382671480144,3.42,0.4726353790613718,1.33,10.33418772563177,9.92072202166065,6.05,1.84,546.42,948.33,6.05,1.79,6.05,1.84,True,0.0,-0.050000000000000044
2025-11-06,2025-11-06 00:01:00,2025-11-06 23:56:00,280,97.22222222222221,16.720357142857143,10.2,30.3,13.890357142857143,10.3,20.3,72.23214285714286,34,91,78.06071428571428,54,92,46.91853571428572,315.6,80.31049999999999,509.96,125.31403571428571,214.50021428571426,10.53,18.02,0.7069285714285715,2.85,0.39153571428571426,1.09,11.013392857142858,9.897928571428572,5.68,1.42,394.12,674.61,5.68,1.41,5.68,1.42,True,0.0,-0.010000000000000009
2025-11-07,2025-11-07 00:01:00,2025-11-07 23:56:00,285,98.95833333333334,17.877543859649123,9.1,40.0,14.623508771929824,9.0,23.9,69.77543859649123,21,93,77.59298245614035,43,95,93.53729824561404,736.2,146.8943859649123,933.05,249.82754385964915,368.0195087719298,21.36,31.47,1.110280701754386,5.83,0.46298245614035083,1.65,10.669578947368421,10.317614035087718,7.8,2.31,799.74,1255.95,7.8,2.23,7.8,2.31,True,0.0,-0.08000000000000007
2025-11-08,2025-11-08 00:01:00,2025-11-08 23:55:00,274,95.13888888888889,18.71788321167883,8.7,36.3,15.525912408759126,8.9,23.1,67.0,21,92,74.41240875912409,44,95,72.20339416058394,638.18,134.5784306569343,938.81,192.84686131386863,351.15288321167884,15.85,28.86,1.1184306569343065,4.77,0.5366058394160584,1.58,10.941058394160583,10.567408759124087,7.01,2.1,593.51,1106.23,7.01,2.05,7.01,2.1,True,0.0,-0.050000000000000266
2025-11-09,2025-11-09 00:00:00,2025-11-09 23:56:00,282,97.91666666666666,18.29787234042553,10.4,30.7,16.00567375886525,11.2,20.2,62.347517730496456,31,89,68.01063829787235,54,87,58.16056737588652,782.57,101.35875886524822,1044.36,155.0204609929078,261.408829787234,13.11,22.12,1.0000354609929079,3.01,0.6112765957446809,1.08,10.129255319148935,9.979468085106383,5.7,1.95,492.04,857.5,5.7,1.93,5.7,1.95,True,0.0,-0.020000000000000018
2025-11-10,2025-11-10 00:01:00,2025-11-10 23:56:00,282,97.91666666666666,18.215248226950354,10.3,31.0,15.909929078014185,10.8,21.1,60.340425531914896,29,84,65.62411347517731,53,80,67.31875886524823,617.14,114.79794326241135,848.93,179.80102836879433,304.2145035460993,15.21,25.74,1.016950354609929,3.17,0.6445744680851064,1.18,9.614929078014184,9.373510638297873,5.76,2.13,569.52,971.19,5.76,2.0,5.76,2.13,True,0.0,-0.1299999999999999
2025-11-11,2025-11-11 00:01:00,2025-11-11 23:56:00,286,99.30555555555556,17.58111888111888,8.4,32.8,14.791258741258742,8.3,22.1,67.93006993006993,28,89,74.15384615384616,51,90,68.976993006993,693.56,117.86671328671328,906.74,184.22982517482518,311.8602797202797,15.81,26.76,0.9472377622377623,3.58,0.49038461538461536,1.3,10.448146853146854,9.991818181818182,6.23,2.0,591.82,1011.3,6.23,1.92,6.23,2.0,True,0.0,-0.08000000000000007
2025-11-12,2025-11-12 00:01:00,2025-11-12 23:57:00,284,98.61111111111111,18.596478873239434,10.8,37.2,15.351408450704225,10.5,23.0,69.79225352112677,22,94,77.70774647887323,47,93,69.18007042253521,753.82,117.74697183098591,986.78,184.72517605633803,302.44672535211265,15.74,25.77,0.9743661971830987,4.95,0.45338028169014083,1.44,11.72411971830986,11.142570422535211,7.05,2.06,589.41,1003.2,7.05,1.96,7.05,2.06,True,0.0,-0.10000000000000009
2025-11-13,2025-11-13 00:01:00,2025-11-13 23:55:00,269,93.40277777777779,18.26988847583643,12.8,33.8,15.188847583643124,12.6,21.9,72.13011152416357,33,90,78.70260223048327,55,89,49.54843866171004,598.58,86.29364312267658,1029.51,132.3381784386617,227.69342007434943,10.68,18.37,0.7388475836431226,3.52,0.3857620817843866,1.18,12.574944237918215,11.410594795539033,6.16,1.58,399.86,696.39,6.16,1.54,6.16,1.58,True,0.0,-0.040000000000000036
2025-11-14,2025-11-14 00:01:00,2025-11-14 23:56:00,282,97.91666666666666,17.956382978723404,12.8,29.2,15.01099290780142,11.7,20.4,72.86524822695036,33,91,79.2127659574468,53,91,42.231312056737586,329.87,70.75460992907801,681.62,112.79531914893617,188.97744680851065,9.54,15.99,0.7048936170212766,2.7,0.3870567375886525,1.11,12.361028368794326,11.232659574468085,5.14,1.44,357.28,598.58,5.14,1.4,5.14,1.44,True,0.0,-0.040000000000000036
2025-11-15,2025-11-15 00:01:00,2025-11-15 23:55:00,281,97.56944444444444,16.800711743772244,12.9,25.5,14.295373665480428,12.3,18.3,78.24199288256227,45,92,83.91103202846975,65,93,32.72067615658363,196.23,56.658612099644124,373.16,87.39338078291816,151.32864768683274,7.37,12.76,0.48761565836298937,1.74,0.27555160142348756,0.74,12.689217081850535,11.53950177935943,4.29,1.23,275.84,477.63,4.29,1.18,4.29,1.23,True,0.0,-0.050000000000000044
2025-11-16,2025-11-16 00:00:00,2025-11-16 23:55:00,282,97.91666666666666,18.98971631205674,12.6,38.0,15.05354609929078,11.5,21.4,69.29078014184397,25,93,78.66666666666667,55,93,90.87184397163121,705.19,142.5886524822695,928.97,242.7082624113475,368.74070921985816,20.53,31.2,0.9783333333333333,4.97,0.4065602836879433,1.08,12.10127659574468,11.171914893617021,7.06,2.2,768.78,1206.3,7.06,2.16,7.06,2.2,True,0.0,-0.040000000000000036
2025-11-17,2025-11-17 00:00:00,2025-11-17 23:56:00,284,98.61111111111111,19.79718309859155,13.3,33.7,15.825704225352112,12.0,22.9,66.59154929577464,28,90,76.08802816901408,52,91,73.28232394366198,429.6,124.56246478873238,763.25,195.72869718309857,332.55654929577463,16.68,28.33,1.0652464788732396,3.77,0.4801760563380282,1.27,12.297359154929577,11.396338028169014,6.06,2.09,624.37,1061.27,6.06,2.08,6.06,2.09,True,0.0,-0.009999999999999787
2025-11-18,2025-11-18 00:01:00,2025-11-18 23:56:00,252,87.5,19.1765873015873,10.8,39.4,15.14563492063492,10.5,22.2,67.41666666666667,21,92,77.42857142857143,47,94,90.39678571428573,680.06,127.66896825396825,934.51,241.43948412698413,322.7619444444444,18.25,24.4,1.1922619047619047,5.57,0.47214285714285714,1.42,11.333015873015873,10.767460317460317,7.42,2.01,683.4,965.18,7.42,1.91,7.42,2.01,True,0.0,-0.09999999999999987
2025-11-19,2025-11-19 00:01:00,2025-11-19 23:55:00,276,95.83333333333334,17.922826086956523,10.8,32.4,15.011231884057972,10.2,22.0,65.30797101449275,28,93,72.89855072463769,48,95,53.234963768115946,612.54,89.61166666666666,805.73,142.18434782608693,238.7917391304348,11.77,19.77,0.9563405797101449,3.42,0.5192753623188405,1.37,10.311485507246376,9.871920289855073,5.93,1.67,440.79,741.98,5.93,1.63,5.93,1.67,True,0.0,-0.040000000000000036
2025-11-20,2025-11-20 00:00:00,2025-11-20 23:59:00,268,93.05555555555556,15.692164179104477,9.7,28.9,13.460074626865673,9.5,20.7,72.66044776119404,33,91,79.55223880597015,54,95,46.69626865671642,328.98,84.91914179104477,817.41,124.72070895522388,226.12548507462685,10.03,18.18,0.6749626865671642,2.61,0.3654104477611941,1.07,10.002462686567164,9.742014925373136,5.31,1.59,375.44,682.75,5.31,1.47,5.31,1.59,True,0.0,-0.1200000000000001
2025-11-21,2025-11-21 00:04:00,2025-11-21 23:56:00,279,96.875,16.14193548387097,8.5,38.9,13.008960573476703,8.1,22.9,75.81362007168458,20,96,85.93548387096774,50,95,64.56,620.56,98.67283154121864,809.61,172.4326164874552,260.8245519713262,14.43,21.83,0.7561290322580645,5.56,0.265663082437276,1.37,10.80394265232975,10.455806451612904,7.44,1.63,540.37,825.89,7.44,1.59,7.44,1.63,True,0.0,-0.039999999999999813
2025-11-22,2025-11-22 00:01:00,2025-11-22 23:55:00,283,98.26388888888889,19.900706713780917,9.5,35.9,15.803886925795053,9.5,23.2,64.66431095406361,25,94,75.09893992932862,44,96,86.10950530035335,695.59,146.70424028268553,1003.71,229.98893992932864,380.7333215547703,19.53,32.32,1.2343816254416962,4.43,0.5274911660777385,1.57,11.477455830388692,10.992614840989399,6.77,2.33,731.07,1245.52,6.77,2.29,6.77,2.33,True,0.0,-0.040000000000000036
2025-11-23,2025-11-23 00:00:00,2025-11-23 23:56:00,283,98.26388888888889,19.90424028268551,10.7,35.9,15.894699646643108,10.9,22.0,65.06360424028269,25,90,74.71378091872792,48,91,79.24236749116608,664.85,133.95296819787987,892.79,211.6473851590106,356.4140989399293,17.97,30.26,1.1843109540636043,4.37,0.517243816254417,1.3,11.667879858657244,11.07226148409894,6.71,2.25,672.77,1137.26,6.71,2.14,6.71,2.25,True,0.0,-0.10999999999999988
2025-11-24,2025-11-24 00:01:00,2025-11-24 23:56:00,279,96.875,17.891756272401434,13.3,29.1,15.413620071684587,12.5,21.1,68.46594982078852,33,88,73.59139784946237,52,88,45.19942652329749,405.98,74.908458781362,554.03,120.72240143369177,200.07179211469534,10.1,16.75,0.787741935483871,2.7,0.4887813620071685,1.15,11.344731182795698,10.567096774193548,5.02,1.61,378.32,626.98,5.02,1.52,5.02,1.61,True,0.0,-0.09000000000000008
2025-11-25,2025-11-25 00:01:00,2025-11-25 23:58:00,278,96.52777777777779,19.78884892086331,13.1,32.7,15.99568345323741,12.3,20.8,62.20863309352518,30,90,71.44244604316546,57,91,76.54708633093526,711.63,124.84158273381294,896.01,204.4484892086331,329.68345323741005,17.05,27.5,1.1644244604316547,3.46,0.5559352517985612,1.01,11.195575539568345,10.623273381294965,5.82,2.1,638.4,1041.18,5.82,2.08,5.82,2.1,True,0.0,-0.020000000000000018
2025-11-26,2025-11-26 00:03:00,2025-11-26 23:55:00,283,98.26388888888889,18.669611307420496,10.9,31.1,15.871024734982333,11.4,20.4,60.97879858657244,32,87,67.32155477031802,54,82,58.17526501766784,703.88,101.89095406360424,1020.84,155.37950530035337,263.3418374558304,13.19,22.36,1.046183745583039,3.04,0.6136042402826856,1.08,10.151660777385159,9.712720848056536,5.64,2.03,493.91,865.05,5.64,1.96,5.64,2.03,True,0.0,-0.06999999999999984
2025-11-27,2025-11-27 00:00:00,2025-11-27 23:56:00,285,98.95833333333334,18.91438596491228,10.0,35.7,16.223859649122808,11.3,22.8,61.02807017543859,26,88,66.08070175438597,47,84,78.56245614035087,666.63,127.6982807017544,838.22,209.83157894736843,339.0607719298245,17.94,28.99,1.141578947368421,4.32,0.6686666666666666,1.47,10.116385964912281,9.684877192982457,6.64,2.32,671.71,1091.82,6.64,2.19,6.64,2.32,True,0.0,-0.1299999999999999
2025-11-28,2025-11-28 00:01:00,2025-11-28 23:57:00,283,98.26388888888889,17.648056537102473,11.7,30.4,14.96643109540636,11.7,20.1,64.15901060070671,31,85,69.64310954063605,54,86,66.52067137809186,767.43,108.33448763250884,917.91,177.49349823321555,286.35406360424025,15.07,24.31,0.9067491166077739,3.0,0.5391166077738516,1.08,10.008727915194346,9.356325088339224,5.4,1.94,564.76,919.76,5.4,1.88,5.4,1.94,True,0.0,-0.06000000000000005
2025-11-29,2025-11-29 00:02:00,2025-11-29 23:56:00,283,98.26388888888889,17.458303886925794,9.4,34.2,14.689752650176677,9.3,21.7,69.3286219081272,26,91,75.90812720848056,49,93,69.80091872791519,556.6,117.90975265017667,779.47,186.43007067137808,314.6343816254417,15.83,26.71,0.8560070671378092,3.98,0.4513427561837456,1.31,10.835512367491166,10.25904593639576,6.35,2.04,592.61,1001.05,6.35,1.96,6.35,2.04,True,0.0,-0.08000000000000007
2025-11-30,2025-11-30 00:01:00,2025-11-30 23:56:00,284,98.61111111111111,18.402464788732395,10.6,38.6,15.058802816901407,10.5,23.7,68.38380281690141,21,95,74.94718309859155,43,93,90.23369718309858,635.15,141.4900352112676,840.17,241.003838028169,372.7770422535211,20.53,31.76,1.026619718309859,5.27,0.48154929577464783,1.66,11.25637323943662,10.409014084507042,7.22,2.34,768.79,1205.5,7.22,2.26,7.22,2.34,True,0.0,-0.08000000000000007
2025-12-01,2025-12-01 00:01:00,2025-12-01 23:55:00,285,98.95833333333334,18.71578947368421,12.1,35.5,15.807017543859649,11.7,22.4,66.66315789473684,27,90,72.53684210526316,50,88,78.50940350877192,550.71,128.4434385964912,803.24,209.68943859649121,341.0946666666666,17.93,29.16,0.9782456140350878,4.22,0.5338245614035088,1.31,11.432491228070175,10.706105263157896,6.44,2.26,671.26,1098.19,6.44,2.22,6.44,2.26,True,0.0,-0.03999999999999959
2025-12-02,2025-12-02 00:00:00,2025-12-02 23:56:00,233,80.90277777777779,18.261802575107296,12.2,32.6,15.206437768240344,11.8,21.5,67.82403433476395,30,89,75.05150214592274,54,91,60.53463519313305,580.66,107.47738197424893,845.11,161.6812017167382,284.1731330472103,11.3,19.86,0.934206008583691,3.44,0.4763519313304721,1.15,11.22137339055794,10.606351931330472,5.81,1.83,423.14,751.27,5.81,1.77,5.81,1.83,True,0.0,-0.06000000000000005
2025-12-03,2025-12-03 00:01:00,2025-12-03 23:55:00,285,98.95833333333334,18.68701754385965,12.2,34.1,15.76736842105263,11.7,23.1,67.46315789473684,26,91,72.71578947368421,50,91,90.69740350877193,614.63,143.16515789473684,827.92,242.24238596491227,377.3315789473684,20.71,32.26,0.9947368421052631,3.96,0.5365263157894736,1.34,11.459649122807017,10.671754385964912,6.14,2.43,775.46,1224.06,6.14,2.35,6.14,2.43,True,0.0,-0.08000000000000007
2025-12-04,2025-12-04 00:00:00,2025-12-04 23:55:00,284,98.61111111111111,17.948943661971832,11.0,34.0,15.026760563380282,10.8,22.5,70.26408450704226,28,93,75.0669014084507,53,91,71.56017605633802,633.16,121.94017605633803,914.2,191.12926056338029,316.8789788732395,16.28,27.0,0.8674647887323944,3.81,0.46901408450704224,1.24,11.512394366197183,10.455176056338027,6.19,2.06,609.69,1038.93,6.19,1.99,6.19,2.06,True,0.0,-0.07000000000000006
2025-12-05,2025-12-05 00:00:00,2025-12-05 23:55:00,285,98.95833333333334,16.54035087719298,10.9,32.7,13.836491228070177,10.3,20.4,77.00350877192983,32,90,83.34035087719299,55,94,34.38831578947369,361.97,61.995824561403516,667.75,91.84719298245615,165.5835789473684,7.85,14.16,0.5495087719298245,3.36,0.2917894736842105,1.08,12.03617543859649,10.916385964912282,5.92,1.36,294.02,530.06,5.92,1.26,5.92,1.36,True,0.0,-0.10000000000000009
2025-12-06,2025-12-06 00:01:00,2025-12-06 23:59:00,285,98.95833333333334,16.822105263157894,9.5,32.8,14.028421052631579,9.3,21.1,73.46315789473684,27,94,79.48771929824561,51,95,63.08877192982456,505.75,101.63733333333333,629.69,168.50280701754386,271.4617543859649,14.41,23.21,0.7327017543859649,3.63,0.3828421052631579,1.19,11.21277192982456,10.275578947368421,5.99,1.73,539.41,869.0,5.99,1.69,5.99,1.73,True,0.0,-0.040000000000000036
2025-12-07,2025-12-07 00:04:00,2025-12-07 23:56:00,285,98.95833333333334,17.94842105263158,10.3,34.1,15.032280701754384,10.0,22.7,68.74385964912281,29,92,73.40350877192982,47,91,86.60856140350877,590.98,137.00470175438596,776.76,231.32143859649122,364.77101754385967,19.78,31.19,0.9277894736842106,3.73,0.508421052631579,1.43,11.07901754385965,10.0779649122807,6.22,2.27,740.5,1171.39,6.22,2.19,6.22,2.27,True,0.0,-0.08000000000000007
2025-12-08,2025-12-08 00:01:00,2025-12-08 23:55:00,285,98.95833333333334,18.102456140350878,8.9,36.9,15.081052631578949,8.9,22.7,68.60701754385966,22,92,73.89122807017544,45,93,86.704,557.2,131.55263157894737,758.52,231.57652631578947,351.19105263157894,19.8,30.03,1.0040701754385966,4.87,0.5120350877192983,1.49,10.985298245614034,10.157228070175439,6.86,2.13,741.32,1124.78,6.86,2.07,6.86,2.13,True,0.0,-0.06000000000000005
2025-12-09,2025-12-09 00:00:00,2025-12-09 23:58:00,285,98.95833333333334,16.912280701754387,10.1,34.4,14.654736842105265,10.1,21.7,71.3719298245614,25,94,74.80701754385964,49,91,58.63894736842105,613.69,97.71385964912281,894.93,156.6178596491228,258.6280701754386,13.39,22.11,0.775859649122807,4.08,0.46684210526315795,1.32,10.83501754385965,9.99863157894737,6.28,1.73,501.36,835.45,6.28,1.7,6.28,1.73,True,0.0,-0.030000000000000027
2025-12-10,2025-12-10 00:03:00,2025-12-10 23:57:00,276,95.83333333333334,17.089492753623187,9.3,28.6,14.83804347826087,9.6,19.4,66.29347826086956,34,92,70.64492753623189,54,89,55.792101449275364,399.81,95.43101449275362,749.27,149.01416666666668,254.88086956521738,12.34,21.1,0.8829347826086956,2.52,0.5357246376811595,1.04,9.815579710144927,9.374057971014492,5.14,1.71,461.96,790.17,5.14,1.68,5.14,1.71,True,0.0,-0.030000000000000027
2025-12-11,2025-12-11 00:02:00,2025-12-11 23:56:00,281,97.56944444444444,17.783629893238434,10.1,31.7,15.264412811387901,10.8,21.1,66.27758007117438,29,93,69.83629893238434,52,87,62.70601423487544,527.9,102.99124555160142,674.54,167.48081850533808,275.0777224199288,14.12,23.19,0.924982206405694,3.23,0.5554804270462633,1.2,10.4744128113879,9.642277580071175,5.73,1.91,528.61,868.22,5.73,1.86,5.73,1.91,True,0.0,-0.04999999999999982
2025-12-12,2025-12-12 00:01:00,2025-12-12 23:56:00,284,98.61111111111111,17.494718309859156,9.4,35.4,15.393309859154929,10.6,22.1,64.89084507042253,26,91,66.36971830985915,47,82,75.34457746478873,645.4,117.5436971830986,937.96,201.2368309859155,309.7807394366197,17.15,26.39,1.0164436619718311,4.25,0.6290845070422535,1.38,9.659295774647887,8.989894366197184,6.53,2.13,641.94,1001.47,6.53,2.04,6.53,2.13,True,0.0,-0.08999999999999986
2025-12-13,2025-12-13 00:05:00,2025-12-13 23:56:00,284,98.61111111111111,16.95281690140845,7.6,31.4,14.373239436619718,8.1,22.4,65.71830985915493,28,92,69.73591549295774,46,91,76.79767605633803,623.94,124.78045774647887,923.63,205.11778169014084,326.9536267605634,17.48,27.86,1.0505633802816903,3.23,0.5775352112676057,1.45,9.045352112676056,8.554647887323943,5.76,2.06,654.32,1063.13,5.76,1.99,5.76,2.06,True,0.0,-0.07000000000000006
2025-12-14,2025-12-14 00:01:00,2025-12-14 23:56:00,285,98.95833333333334,17.568421052631578,7.5,35.7,14.282456140350877,7.4,23.2,67.29122807017544,25,92,74.43859649122807,47,94,85.74112280701755,599.45,137.9297894736842,806.78,229.00477192982456,366.1700701754386,19.58,31.31,1.0698245614035087,4.32,0.5045263157894737,1.51,10.030070175438597,9.421754385964912,6.63,2.17,733.09,1179.3,6.63,2.11,6.63,2.17,True,0.0,-0.06000000000000005
2025-12-15,2025-12-15 00:01:00,2025-12-15 23:56:00,282,97.91666666666666,17.69113475177305,8.0,34.3,14.664539007092197,7.6,22.5,68.35460992907801,27,91,75.42198581560284,49,94,86.9313120567376,487.13,140.50620567375887,653.81,232.18351063829786,375.27620567375885,19.64,31.75,0.9368794326241134,3.89,0.4734042553191489,1.39,10.784113475177305,10.095673758865248,6.33,2.19,735.44,1188.68,6.33,2.16,6.33,2.19,True,0.0,-0.029999999999999805
2025-12-16,2025-12-16 00:01:00,2025-12-16 23:56:00,279,96.875,18.72293906810036,11.2,36.5,15.621863799283155,11.5,23.2,69.67383512544802,25,90,74.77060931899642,51,90,82.72028673835125,547.34,128.1384946236559,733.63,220.93645161290323,342.24333333333334,18.49,28.65,0.9259139784946236,4.58,0.4885304659498208,1.39,12.137455197132617,10.97458781362007,6.63,2.21,692.37,1072.52,6.63,2.11,6.63,2.21,True,0.0,-0.10000000000000009
2025-12-17,2025-12-17 00:01:00,2025-12-17 23:55:00,281,97.56944444444444,18.224199288256226,9.1,35.3,14.823843416370106,9.0,22.5,71.77580071174377,27,96,80.54804270462634,49,94,82.00864768683275,556.16,129.1570106761566,780.17,219.03548042704628,344.3478647686833,18.46,29.03,0.8586476868327402,4.17,0.3835943060498221,1.37,12.098185053380783,11.261138790035588,6.48,2.07,691.33,1088.79,6.48,2.0,6.48,2.07,True,0.0,-0.06999999999999984
2025-12-18,2025-12-18 00:00:00,2025-12-18 23:56:00,283,98.26388888888889,18.1226148409894,10.4,35.4,14.882332155477032,10.1,22.4,75.08833922261483,28,95,81.97879858657244,54,94,64.64151943462898,466.68,102.1905300353357,663.74,172.65003533568904,272.93908127208476,14.66,23.17,0.7318021201413427,4.09,0.34685512367491167,1.16,12.916289752650176,11.635936395759716,6.45,1.8,548.81,867.6,6.45,1.73,6.45,1.8,True,0.0,-0.07000000000000006
2025-12-19,2025-12-19 00:01:00,2025-12-19 23:56:00,280,97.22222222222221,19.05392857142857,12.0,34.5,15.621071428571428,11.0,23.4,70.43928571428572,29,93,77.31428571428572,42,94,88.40142857142858,545.6,140.72185714285715,807.91,236.11039285714287,374.74539285714286,19.83,31.48,0.9309285714285715,3.83,0.46492857142857147,1.67,12.578892857142858,11.37667857142857,6.17,2.28,742.57,1182.06,6.17,2.24,6.17,2.28,True,0.0,-0.03999999999999959
2025-12-20,2025-12-20 00:01:00,2025-12-20 23:57:00,280,97.22222222222221,17.590357142857144,11.3,28.9,15.477857142857143,11.0,21.0,70.675,39,93,73.00357142857143,53,90,46.99814285714285,429.94,77.4992857142857,490.89,125.52657142857144,206.99175,10.54,17.39,0.7489285714285714,2.39,0.5135,1.17,11.601607142857143,10.475,5.04,1.59,394.78,650.99,5.04,1.55,5.04,1.59,True,0.0,-0.040000000000000036
2025-12-21,2025-12-21 00:02:00,2025-12-21 23:56:00,221,76.73611111111111,15.091402714932126,11.2,27.2,14.023076923076923,11.0,20.5,80.18099547511312,37,91,80.04524886877829,55,91,14.188959276018098,170.73,21.787330316742082,260.51,37.89696832579185,58.19176470588235,2.51,3.86,0.3979185520361991,2.19,0.3380542986425339,1.05,11.465565610859729,10.54660633484163,4.69,1.1,94.07,144.45,4.69,0.92,4.69,1.1,False,0.0,-0.18000000000000005
2025-12-22,2025-12-22 00:01:00,2025-12-22 23:56:00,285,98.95833333333334,17.907719298245613,11.6,27.9,15.437894736842106,11.3,20.7,73.58947368421053,37,93,77.12982456140351,52,91,55.29150877192983,352.04,92.26326315789473,627.66,147.67719298245615,246.42480701754388,12.63,21.07,0.6857192982456141,2.35,0.44112280701754386,1.15,12.532526315789474,11.248,4.8,1.79,472.74,788.85,4.8,1.72,4.8,1.79,True,0.0,-0.07000000000000006
2025-12-23,2025-12-23 00:01:00,2025-12-23 23:55:00,282,97.91666666666666,18.78049645390071,12.0,37.5,15.738652482269504,11.4,22.4,71.677304964539,23,95,76.52127659574468,47,93,80.37421985815602,591.63,125.02702127659576,798.36,214.67060283687943,332.0673758865248,18.16,28.09,0.848936170212766,4.96,0.4671985815602837,1.38,12.720283687943262,11.387553191489362,6.81,2.12,679.97,1057.73,6.81,2.09,6.81,2.12,True,0.0,-0.03000000000000025
2025-12-24,2025-12-24 00:00:00,2025-12-24 23:55:00,282,97.91666666666666,19.481560283687944,13.3,33.4,16.335106382978722,13.1,22.0,69.00709219858156,34,91,73.29078014184397,55,87,89.33294326241135,530.85,142.51294326241134,783.49,238.598085106383,379.90567375886525,20.19,32.14,0.952659574468085,3.34,0.5330141843971631,1.15,12.812092198581562,11.398758865248226,5.84,2.4,755.76,1205.66,5.84,2.33,5.84,2.4,True,0.0,-0.06999999999999984
2025-12-25,2025-12-25 00:00:00,2025-12-25 23:56:00,282,97.91666666666666,18.29255319148936,10.7,32.3,15.38936170212766,10.2,22.6,69.77659574468085,30,93,73.51773049645391,49,89,85.2945744680851,693.89,135.85712765957447,910.81,227.81198581560284,357.336524822695,19.27,30.23,0.8717375886524823,3.39,0.505531914893617,1.4,11.79209219858156,10.481808510638297,5.78,2.28,721.59,1149.35,5.78,2.21,5.78,2.28,True,0.0,-0.06999999999999984
2025-12-26,2025-12-26 00:01:00,2025-12-26 23:56:00,283,98.26388888888889,18.225441696113077,8.5,34.0,14.920141342756182,8.8,21.9,68.113074204947,27,96,72.7844522968198,45,94,107.18134275618374,520.56,166.97643109540635,722.75,286.26918727915194,445.9747703180212,24.3,37.86,1.0409540636042403,3.88,0.5376678445229682,1.41,10.884805653710247,9.697773851590105,6.25,2.56,909.97,1417.63,6.25,2.48,6.25,2.56,True,0.0,-0.08000000000000007
2025-12-27,2025-12-27 00:01:00,2025-12-27 23:56:00,281,97.56944444444444,17.863701067615658,9.3,34.6,15.185765124555159,9.3,21.9,64.82562277580071,25,95,66.93594306049822,45,92,86.2008896797153,611.22,134.35839857651246,813.87,230.23288256227758,355.7541992882562,19.41,29.99,1.0239857651245552,4.06,0.636797153024911,1.42,9.939288256227758,8.681316725978647,6.33,2.16,726.67,1132.64,6.33,2.13,6.33,2.16,True,0.0,-0.03000000000000025
2025-12-28,2025-12-28 00:01:00,2025-12-28 23:59:00,283,98.26388888888889,17.135335689045938,5.6,33.6,14.440282685512367,6.3,23.2,63.2226148409894,24,91,65.3286219081272,38,88,123.36243816254417,565.6,193.4806007067138,783.06,329.486925795053,516.3667137809188,27.97,43.84,1.167208480565371,3.8,0.6979151943462897,1.65,8.208763250883392,7.301554770318022,6.27,2.83,1047.35,1642.65,6.27,2.71,6.27,2.83,True,0.0,-0.1200000000000001
2025-12-29,2025-12-29 00:04:00,2025-12-29 23:56:00,282,97.91666666666666,17.357801418439713,8.7,34.0,14.9822695035461,8.6,22.1,65.14539007092199,26,93,68.822695035461,46,90,67.49514184397164,600.62,105.2386524822695,848.75,180.2718085106383,278.3779078014185,15.25,23.55,0.9525177304964539,3.94,0.6075886524822696,1.44,9.687659574468086,8.935921985815602,6.27,1.83,571.01,890.32,6.27,1.81,6.27,1.83,True,0.0,-0.020000000000000018
2025-12-30,2025-12-30 00:01:00,2025-12-30 23:56:00,281,97.56944444444444,17.46797153024911,10.5,30.5,15.036654804270464,11.5,20.8,66.76156583629893,32,89,70.55160142348754,52,90,61.22740213523132,658.61,98.60181494661921,937.57,163.53128113879004,258.34128113879,13.79,21.78,0.8397153024911033,2.95,0.5317437722419929,1.18,10.49423487544484,9.580854092526689,5.45,1.79,516.15,831.21,5.45,1.75,5.45,1.79,True,0.0,-0.040000000000000036
2025-12-31,2025-12-31 00:01:00,2025-12-31 23:57:00,283,98.26388888888889,17.074558303886928,9.7,29.7,15.563604240282686,10.7,21.2,67.3851590106007,34,90,67.57597173144876,53,82,43.73901060070671,425.07,67.85872791519435,541.11,116.82197879858658,181.24293286219083,9.92,15.39,0.786678445229682,2.75,0.6045583038869258,1.16,10.381024734982331,9.454982332155478,5.34,1.55,371.34,576.12,5.34,1.51,5.34,1.55,True,0.0,-0.040000000000000036
2026-01-01,2026-01-01 00:03:00,2026-01-01 23:55:00,282,97.91666666666666,18.49468085106383,9.4,33.5,15.454609929078014,10.0,23.3,66.30496453900709,27,94,69.98226950354609,44,87,101.72783687943263,624.44,154.82936170212764,898.78,271.70340425531913,402.42265957446807,22.99,34.04,1.0788297872340427,3.73,0.5952127659574468,1.6,10.790460992907802,9.705851063829789,6.14,2.44,860.62,1309.86,6.14,2.38,6.14,2.44,True,0.0,-0.06000000000000005
2026-01-02,2026-01-02 00:01:00,2026-01-02 23:57:00,283,98.26388888888889,16.010954063604242,8.8,31.0,14.434628975265017,9.1,20.9,71.7844522968198,34,95,73.73498233215548,54,89,41.71063604240283,497.48,70.55074204946996,857.02,111.4043109540636,186.63162544169612,9.46,15.85,0.6738162544169611,2.97,0.47858657243816255,1.11,10.25713780918728,9.596713780918728,5.66,1.48,354.12,598.98,5.66,1.42,5.66,1.48,True,0.0,-0.06000000000000005
2026-01-03,2026-01-03 00:05:00,2026-01-03 23:56:00,281,97.56944444444444,16.79964412811388,10.3,35.5,14.54982206405694,10.3,22.9,73.43416370106762,22,92,76.43416370106762,45,90,68.18886120996441,641.82,101.66106761565835,833.22,182.12459074733096,267.49637010676156,15.35,22.55,0.7065480427046263,4.48,0.43434163701067613,1.54,11.213594306049822,10.238291814946619,6.51,1.88,574.83,857.0,6.51,1.79,6.51,1.88,True,0.0,-0.08999999999999986
2026-01-04,2026-01-04 00:01:00,2026-01-04 23:55:00,281,97.56944444444444,17.318861209964414,10.2,28.1,15.029181494661922,10.5,20.2,70.72241992882562,37,95,74.69039145907473,56,92,42.463665480427046,313.8,72.45505338078291,503.01,113.4155871886121,193.51925266903913,9.56,16.31,0.7169039145907473,2.24,0.4617081850533808,0.97,11.367330960854092,10.423843416370106,4.98,1.46,357.97,610.8,4.98,1.44,4.98,1.46,True,0.0,-0.020000000000000018
2026-01-05,2026-01-05 00:00:00,2026-01-05 23:56:00,281,97.56944444444444,16.954092526690392,10.4,34.3,14.42846975088968,10.8,22.2,75.41281138790036,26,94,79.2170818505338,50,92,58.88270462633452,634.73,98.7720640569395,846.59,157.2691103202847,262.82558718861213,13.26,22.16,0.6840925266903914,3.94,0.3822419928825623,1.31,11.78576512455516,10.670604982206406,6.28,1.78,496.38,832.65,6.28,1.7,6.28,1.78,True,0.0,-0.08000000000000007
2026-01-06,2026-01-06 00:01:00,2026-01-06 23:56:00,282,97.91666666666666,15.904964539007091,11.0,34.9,13.64645390070922,10.8,22.9,81.50354609929079,29,96,85.62411347517731,53,95,37.80975177304965,536.61,65.75936170212766,723.46,100.98535460992908,175.63570921985814,8.54,14.86,0.463936170212766,3.97,0.25145390070921986,1.17,12.296631205673759,11.14595744680851,6.38,1.4,319.87,556.32,6.38,1.33,6.38,1.4,True,0.0,-0.06999999999999984
2026-01-07,2026-01-07 00:01:00,2026-01-07 23:55:00,280,97.22222222222221,17.112142857142857,9.8,35.0,14.09142857142857,9.6,22.2,76.81785714285714,31,97,83.01785714285714,50,96,60.58032142857144,736.2,96.58614285714286,961.07,161.8030357142857,252.51617857142855,13.59,21.21,0.6683928571428571,3.88,0.31832142857142853,1.34,12.256321428571429,11.023642857142857,6.46,1.67,508.87,811.32,6.46,1.64,6.46,1.67,True,0.0,-0.030000000000000027
2026-01-08,2026-01-08 00:00:00,2026-01-08 23:55:00,278,96.52777777777779,17.14892086330935,10.6,30.0,14.900359712230216,11.0,20.8,70.93884892086331,33,92,73.04676258992805,53,90,51.960503597122305,446.36,88.15902877697842,739.52,138.78071942446044,235.46276978417268,11.57,19.64,0.7473741007194245,2.78,0.4941007194244605,1.13,11.005143884892085,9.883273381294964,5.37,1.8,433.35,735.25,5.37,1.67,5.37,1.8,True,0.0,-0.13000000000000012
2026-01-09,2026-01-09 00:00:00,2026-01-09 23:56:00,283,98.26388888888889,17.768197879858658,10.5,33.4,15.041696113074206,10.6,22.5,72.30742049469964,27,95,75.46643109540636,47,90,53.9143109540636,515.94,97.57904593639576,934.25,143.99901060070673,258.25328621908125,12.23,21.93,0.7678445229681979,3.76,0.4672438162544169,1.39,11.843851590106008,10.469469964664311,6.09,1.81,457.73,828.45,6.09,1.73,6.09,1.81,True,0.0,-0.08000000000000007
2026-01-10,2026-01-10 00:01:00,2026-01-10 23:56:00,282,97.91666666666666,17.609574468085103,10.6,34.8,14.711347517730498,10.7,22.3,73.0,27,95,76.51418439716312,49,92,72.71124113475177,698.17,115.5695390070922,994.55,194.20340425531916,300.29425531914893,16.43,25.4,0.7761347517730497,4.06,0.4323404255319149,1.36,11.882836879432624,10.414893617021276,6.42,1.98,615.14,977.72,6.42,1.93,6.42,1.98,True,0.0,-0.050000000000000044
2026-01-11,2026-01-11 00:01:00,2026-01-11 23:59:00,281,97.56944444444444,17.74982206405694,10.5,33.7,15.181138790035586,10.8,20.7,70.932384341637,28,95,74.5693950177936,52,92,63.52277580071175,582.91,104.06772241992883,807.32,169.66202846975088,276.506049822064,14.3,23.31,0.8147330960854092,3.71,0.47992882562277583,1.16,11.46982206405694,10.452669039145906,6.19,1.9,535.5,877.29,6.19,1.82,6.19,1.9,True,0.0,-0.07999999999999985
2026-01-12,2026-01-12 00:04:00,2026-01-12 23:58:00,281,97.56944444444444,16.776512455516013,12.3,26.4,14.50747330960854,11.7,18.8,73.80782918149467,41,93,75.99644128113879,56,94,36.441245551601426,310.18,61.72259786476868,533.54,97.33024911032028,164.85395017793593,8.2,13.9,0.5991459074733096,2.03,0.423202846975089,0.95,11.588505338078292,10.122704626334519,4.49,1.37,307.2,520.32,4.49,1.34,4.49,1.37,True,0.0,-0.030000000000000027
2026-01-13,2026-01-13 00:03:00,2026-01-13 22:09:00,261,90.625,17.034099616858235,11.7,26.6,15.119923371647511,11.6,19.9,74.57854406130268,36,93,76.27586206896552,54,88,41.95498084291188,278.09,70.42256704980844,451.35,112.05666666666667,188.09053639846744,8.77,14.73,0.6190421455938697,2.16,0.4382758620689655,1.07,11.92574712643678,10.80567049808429,4.59,1.44,328.51,551.41,4.59,1.41,4.59,1.44,True,0.0,-0.030000000000000027
